ヘビー・ウォーター・ウォー DVD-BOX,http://www.albatros-film.com/wp-content/uploads/2016/03/THWW_logo1.jpg
ロスト・パトロール,http://www.albatros-film.com/wp-content/uploads/2016/03/lostpatrol_dvd_jk1.jpg
スティンガー,http://www.albatros-film.com/wp-content/uploads/2016/03/stinger_fire_JK1.jpg
ゴーストハンターズ　オバケのヒューゴと氷の魔人,http://www.albatros-film.com/wp-content/uploads/2016/03/90827d49d5ae79728cfd95605dbe80ad1.jpg
インタープラネット,http://www.albatros-film.com/wp-content/uploads/2016/03/7b2cf949d0e3c683c57f7b2b75aad9e51.jpg
赤ずきんvs狼男,http://www.albatros-film.com/wp-content/uploads/2016/03/d33bf407ef86318106f6e0ed32f7df801.jpg
ラブ・リベンジ,http://www.albatros-film.com/wp-content/uploads/2016/03/loverevenge_jk1.jpg
韓国に嫁いだ女,http://www.albatros-film.com/wp-content/uploads/2016/03/kankoku_DVD1.jpg
39days,http://www.albatros-film.com/wp-content/uploads/2016/03/39days-jk1.jpg
モテ福4（2枚組）,http://www.albatros-film.com/wp-content/uploads/2016/03/fba3cbcb9f24237df127de8f4fafc9bd1.jpg
エール！,http://www.albatros-film.com/wp-content/uploads/2016/04/18dc0d9a42c1e4b14e27f013199706f0.png
エール！,http://www.albatros-film.com/wp-content/uploads/2016/02/e998a1b8b1b1545acc6b47efee8f08001.jpg
ラバランチュラ　全員出動！,http://www.albatros-film.com/wp-content/uploads/2016/02/59765ce25c77621e1bd84826cc051ade1.jpg
コインロッカーの女,http://www.albatros-film.com/wp-content/uploads/2016/02/039b5ee96cf7b751effd537a55c0f7581.jpg
スノークイーン　少女ゲルダと雪の女王,http://www.albatros-film.com/wp-content/uploads/2016/02/fe90c15f87d7cbd683a7381ee775fc8d1.jpg
マッド・スピード2,http://www.albatros-film.com/wp-content/uploads/2016/02/8a01bd66da3d4d68c763049f2fc37bc41.jpg
シャーク・プリズン　鮫地獄女囚大脱獄,http://www.albatros-film.com/wp-content/uploads/2016/02/b2e38cc58832606e81ed87ffa70ed6f71.jpg
38days,http://www.albatros-film.com/wp-content/uploads/2016/02/38days-jk1.jpg
メイドロイド 日本製人造家政婦,http://www.albatros-film.com/wp-content/uploads/2016/02/d79d9002601eba148a7e9b916200e1201.jpg
ぼくらの家路,http://www.albatros-film.com/wp-content/uploads/2016/01/b1e7bf97828dd672150bb01c98ccca301.jpg
アイ・スピット・オン・ユア・グレイヴ3,http://www.albatros-film.com/wp-content/uploads/2016/01/ispit3_jk1.jpg
スウィート・ホーム,http://www.albatros-film.com/wp-content/uploads/2016/01/8a68ab2c5da77350b04a25847f390d861.jpg
ファイアー・クエイク　火炎大地震,http://www.albatros-film.com/wp-content/uploads/2016/01/bd5c9d7d6f5eaea77cebaf271700d4e71.jpg
ゲームメイカー 消えたジグソーパズルと巨大迷路の秘密,http://www.albatros-film.com/wp-content/uploads/2016/01/146ab9743703aac0c32d00c9d1d7b6f81.jpg
アマゾン・クルーズ,http://www.albatros-film.com/wp-content/uploads/2016/01/d651a5660bc54ebc9dc71855b562d3581.jpg
天王寺おばあちゃんゾウ 春子　最後の夏,http://www.albatros-film.com/wp-content/uploads/2016/01/c2f455006120d7502e1dfe9549a68ade1.jpg
マッドムービー 遊園地残酷迷宮,http://www.albatros-film.com/wp-content/uploads/2016/01/35e0ffc61a1674d6245dc8c70ea310ff1.jpg
ビッグ・ベア 救え！小さな仲間たちと不思議の森,http://www.albatros-film.com/wp-content/uploads/2016/01/9589b1887d27082545b720205da12de41.jpg
あの日のように抱きしめて,http://www.albatros-film.com/wp-content/uploads/2015/12/f1c28bbc7daf479e840c7112ea6717ed1.jpg
悪魔は闇に蠢（うごめ）く,http://www.albatros-film.com/wp-content/uploads/2015/12/e23b14725042080897058119fe21870a1.jpg
400デイズ,http://www.albatros-film.com/wp-content/uploads/2015/12/400days_JK_10301.jpg
マーズ・オデッセイ,http://www.albatros-film.com/wp-content/uploads/2015/12/1634328ef36fe3ea34e2573575a237721.jpg
ミクロ・アドベンチャー,http://www.albatros-film.com/wp-content/uploads/2015/12/c06ffef02191b588b28029f1241331391.jpg
堕落の王国,http://www.albatros-film.com/wp-content/uploads/2015/12/a4f74dcdc17718d5174bae533c6923541.jpg
恋愛死体（ラブ ゾンビ）ROMANCE OF THE DEAD,http://www.albatros-film.com/wp-content/uploads/2015/12/a3baa7462876f4fb2a3900be6766cbab1.jpg
恐怖都市伝説ファイル ひきこさんの呪い,http://www.albatros-film.com/wp-content/uploads/2015/12/9d92d0529cee93dea75b19b46aba890c1.jpg
ターナー、光に愛を求めて,http://www.albatros-film.com/wp-content/uploads/2015/11/cb605b2b2eb8c14560e78cdfa5a7787e1.jpg
ソルジャーズ　連合軍を救った男たち,http://www.albatros-film.com/wp-content/uploads/2015/11/575a12fb3e86aed606140e0b84cd8b591.jpg
ザ・ファントム,http://www.albatros-film.com/wp-content/uploads/2015/11/231574ea6f573e5ac2192aa9d0e8f9d41.jpg
暴走車 ランナウェイ・カー,http://www.albatros-film.com/wp-content/uploads/2015/11/8ee2d03ff0c886cc60c7e0103b1d6ee11.jpg
ワールド・オブZ,http://www.albatros-film.com/wp-content/uploads/2015/11/d62f03c5b70eb79a009d146eeaf2a22c1.jpg
レイプ・オブ・アナ・フリッツ,http://www.albatros-film.com/wp-content/uploads/2015/11/19beb05adaa74256207b09e0182654861.jpg
義理の娘が眩しすぎて。,http://www.albatros-film.com/wp-content/uploads/2015/11/4c8227ef3c5026f0878408349e9657631.jpg
東京地下女子刑務所 CHAPTER2・エリア99,http://www.albatros-film.com/wp-content/uploads/2015/11/84bbf31639028d66d84e663b2ad334bf1.jpg
ケロリンピック カエル王国危機一髪!,http://www.albatros-film.com/wp-content/uploads/2015/11/67ddc1f9f026b32db9df733f3bbb97171.jpg
ディオールと私,http://www.albatros-film.com/wp-content/uploads/2015/12/f0dc3b4cb6e9e4e73a3bc916fd138a9411.jpg
ディオールと私,http://www.albatros-film.com/wp-content/uploads/2015/10/0ea3c650f800f1f340f03a2eecd9f1051.jpg
ロシアン・スナイパー,http://www.albatros-film.com/wp-content/uploads/2015/10/78bfd01d4df583f4d58b47985d3a714a1.jpg
トリプルヘッド・ジョーズ,http://www.albatros-film.com/wp-content/uploads/2015/10/ee85a288ad39b7756c278417af5b25701.jpg
タイガー・ハウス,http://www.albatros-film.com/wp-content/uploads/2015/10/800aeabcc816ef3917461bf5ccc385c61.jpg
マーラとバイキングの神々,http://www.albatros-film.com/wp-content/uploads/2015/10/edb64060af0299dee4454fb43b9a71131.jpg
悪魔はそこにいる,http://www.albatros-film.com/wp-content/uploads/2015/10/9fe2240877483675232e771a46b5d8b71.jpg
妹がぼくを支配する。,http://www.albatros-film.com/wp-content/uploads/2015/10/e655b9f3c289aca4f2550683cccd1c071.jpg
東京地下女子刑務所 CHAPTER1・エリア88,http://www.albatros-film.com/wp-content/uploads/2015/10/7997ef6d20c473918604f81ff12100ea1.jpg
アドバンスト・スタイル そのファッションが、人生,http://www.albatros-film.com/wp-content/uploads/2015/09/1695c5e4cb60dca5f3c706190a762bb31.jpg
あいつの声,http://www.albatros-film.com/wp-content/uploads/2015/09/ed6374a661c1756b6c03fafec022ce061.jpg
エクストラ テレストリアル,http://www.albatros-film.com/wp-content/uploads/2015/09/ET_BD_sell_Jacket1.jpg
エクストラ テレストリアル,http://www.albatros-film.com/wp-content/uploads/2015/09/ET_dvd_jk1.jpg
スティーヴン・キング ビッグ・ドライバー,http://www.albatros-film.com/wp-content/uploads/2015/09/89bd0a144b8f59afb8d9cc7c742f76cc1.jpg
シャークネード　エクストリーム・ミッション,http://www.albatros-film.com/wp-content/uploads/2015/09/sharknado3_jk1.jpg
アースフォール,http://www.albatros-film.com/wp-content/uploads/2015/09/08a36c0872d189565bba105984975dfd1.jpg
ホーム・インベージョン,http://www.albatros-film.com/wp-content/uploads/2015/09/dd7a366565eb88ab94b58102cd933c991.jpg
聖獣警察2 警視庁性犯罪特捜10課,http://www.albatros-film.com/wp-content/uploads/2015/09/2157f2e446480f3c80c38796adce4e1d1.jpg
アルプス　天空の交響曲（シンフォニー）,http://www.albatros-film.com/wp-content/uploads/2015/10/e47cd954f7b8372d394d100025f7627e11.jpg
アルプス　天空の交響曲（シンフォニー）,http://www.albatros-film.com/wp-content/uploads/2015/08/73e5693315a80bcb58f93df29f14bd4c1.jpg
オン・ザ・ハイウェイ　その夜、86分,http://www.albatros-film.com/wp-content/uploads/2015/08/9f9b5d5dffd74a9709a0e10a4232d0001.jpg
ネスト,http://www.albatros-film.com/wp-content/uploads/2015/08/e1f65f3f094ad2a5a3bc61b48f75da941.jpg
リベリオン ワルシャワ大攻防戦,http://www.albatros-film.com/wp-content/uploads/2015/08/d3064039d7222f0216259f8e5153a0e01.jpg
クリスマスを取り戻せ！ ～リトル・ドラゴンとサンタの魔法の石～,http://www.albatros-film.com/wp-content/uploads/2015/08/1806cc487fa356cefaa7d96b94122a801.jpg
Q-ZONE：隔離地区,http://www.albatros-film.com/wp-content/uploads/2015/10/a11940ba0cbe3cd0665cad28f615b0aa1.jpg
葬儀人 アンダーテイカー,http://www.albatros-film.com/wp-content/uploads/2015/08/8805d7236cc6e9e61a6bd6ec8a30f1881.jpg
聖獣警察 警視庁性犯罪特捜10課,http://www.albatros-film.com/wp-content/uploads/2015/08/f4441534a7c837b96eb1fce8c1b0f7631.jpg
スティーヴン・キング ファミリー・シークレット,http://www.albatros-film.com/wp-content/uploads/2015/07/61ccb06b30a37d66ba49fc438c3563541.jpg
鰻（うなぎ）の男,http://www.albatros-film.com/wp-content/uploads/2015/07/2969597e23c0a83e0b550ce27a54d9111.jpg
カリフォルニア･ディストラクション,http://www.albatros-film.com/wp-content/uploads/2015/07/3d4078562e7c89bd785ad5ec5ab2172e1.jpg
エアポート2015,http://www.albatros-film.com/wp-content/uploads/2015/07/airport2015_JK1.jpg
宇宙戦争 バトル・オブ・ダークサイド・ムーン,http://www.albatros-film.com/wp-content/uploads/2015/07/e7340be398d88983718dc1ae4af6a6381.jpg
蜜の宮殿,http://www.albatros-film.com/wp-content/uploads/2015/07/42783605786762323c7df22582b979111.jpg
野球拳キャノンボール,http://www.albatros-film.com/wp-content/uploads/2015/07/4de88f73ee7266cdcabe57974da727521.jpg
TOKYO KILLERS ～蟻が空を飛ぶ日〔完全版〕～,http://www.albatros-film.com/wp-content/uploads/2015/07/TOKYO-KILLERS-jk1.jpg
ナショナル・ギャラリー 英国の至宝,http://www.albatros-film.com/wp-content/uploads/2015/08/1df709c0e45d8acc089b3511107ccf3211.jpg
ナショナル・ギャラリー 英国の至宝,http://www.albatros-film.com/wp-content/uploads/2015/06/c59e27eed4f2467291b73d79c500b5871.jpg
ルーズヴェルト・ソルジャー,http://www.albatros-film.com/wp-content/uploads/2015/06/9e779b591f3b5881d77ae6b45e79e7761.jpg
殺し屋チャーリーと6人の悪党,http://www.albatros-film.com/wp-content/uploads/2015/06/6b7d9636f9c385e1340a2ad666fb5aae1.jpg
マッド・スピード,http://www.albatros-film.com/wp-content/uploads/2015/06/91563b58fe51a3241e25442d4ec294631.jpg
ジュラシック・プロジェクト,http://www.albatros-film.com/wp-content/uploads/2015/06/5d26d44ac2210bc4a7288dc96290fdb51.jpg
ファイアー・ツイスター,http://www.albatros-film.com/wp-content/uploads/2015/06/5826f1334dab9c3c3a95330e2565243b1.jpg
78days,http://www.albatros-film.com/wp-content/uploads/2015/06/78days-jk1.jpg
イタズラなお遊戯,http://www.albatros-film.com/wp-content/uploads/2015/06/4688c9efb463f54201e3c4d1133c79211.jpg
モテ福3（2枚組）,http://www.albatros-film.com/wp-content/uploads/2015/06/7d8d791c923aea5375e12df38a560d3d1.jpg
戦慄怪奇ファイル　超コワすぎ！ FILE-02 暗黒奇譚！蛇女の怪,http://www.albatros-film.com/wp-content/uploads/2015/05/chokowasugi_2_dvd_jk1.jpg
トレヴィの泉で二度目の恋を,http://www.albatros-film.com/wp-content/uploads/2015/05/d5b70b757f7b99fb2266a80e6ce4b54c1.jpg
メガ・シャークVSグレート・タイタン,http://www.albatros-film.com/wp-content/uploads/2015/05/a39fc648040d62dd04029933115354211.jpg
最後まで行く,http://www.albatros-film.com/wp-content/uploads/2015/05/a0aa5630723cb565a508b4dafc6ff3571.jpg
エマニュエル・ベアール　赤と黒の誘惑,http://www.albatros-film.com/wp-content/uploads/2015/05/9380a287b715377820fcf56f7d779de71.jpg
グリム・アベンジャーズ,http://www.albatros-film.com/wp-content/uploads/2015/05/eb96c0fe343ce89496b4786ccc6ce1df1.jpg
バトル・オブ・スカイアーク,http://www.albatros-film.com/wp-content/uploads/2015/07/f1d42cf3409a789b0487cb14ca00ef331.jpg
68days,http://www.albatros-film.com/wp-content/uploads/2015/05/68days-jk1.jpg
甘える女,http://www.albatros-film.com/wp-content/uploads/2015/05/1643902ab065efdf1944600918076e051.jpg
おくびょうなカーレッジくんDVD-BOX,http://www.albatros-film.com/wp-content/uploads/2015/05/2823a7c0caa1f7e88e31a97843bc60551.jpg
おくびょうなカーレッジくんライバルとの対決編,http://www.albatros-film.com/wp-content/uploads/2015/05/2043b98f66ea2815bce80de33bdfdcbf1.jpg
おくびょうなカーレッジくんおうちの一大事編,http://www.albatros-film.com/wp-content/uploads/2015/05/73aaca440f3ef41cd19fe58ff08703691.jpg
おくびょうなカーレッジくん決死のレスキュー編,http://www.albatros-film.com/wp-content/uploads/2015/05/7d9beedb9c64335f4260d68ee5b08f511.jpg
おくびょうなカーレッジくんご主人様の危機一髪編,http://www.albatros-film.com/wp-content/uploads/2015/05/6623c146dfcd161298d956b3645e27c221.jpg
戦慄怪奇ファイル 超コワすぎ！FILE-01 恐怖降臨！コックリさん,http://www.albatros-film.com/wp-content/uploads/2015/05/chokowasugi_jk1.jpg
オオカミは嘘をつく,http://www.albatros-film.com/wp-content/uploads/2015/04/b16b73a9b665008fa23c082e36127c5a1.jpg
AMAZONIA アマゾニア-アマゾン大冒険,http://www.albatros-film.com/wp-content/uploads/2015/06/7e4cab9d2a041c2fa33a546d54debb9511.jpg
グレート・エスケイプ 大脱走1944,http://www.albatros-film.com/wp-content/uploads/2015/04/713938a66f385370607b191f2984c8101.jpg
エンカウンターズ -侵略-,http://www.albatros-film.com/wp-content/uploads/2015/04/e2dc4fa9c207b87e4f4e011cad4c7b8f1.jpg
アイス・アルマゲドン,http://www.albatros-film.com/wp-content/uploads/2015/04/868bd37a29148df0d48e9fede20500c51.jpg
ドッペルゲンガー 凍てつく分身,http://www.albatros-film.com/wp-content/uploads/2015/04/401721ff28bfb675120d02cc1660eca81.jpg
ヘンゼルVSグレーテル 最強魔女ハンター最後の戦い,http://www.albatros-film.com/wp-content/uploads/2015/04/fdb230911d2c6c46b5a884907962d7871.jpg
ナンバー10,http://www.albatros-film.com/wp-content/uploads/2015/04/Number10-JK1.jpg
殺人ワークショップ,http://www.albatros-film.com/wp-content/uploads/2015/06/6427a8715ba8a0778d5e0e0bd5afd5f01.jpg
欲望の方程式,http://www.albatros-film.com/wp-content/uploads/2015/04/8a3884a5270e7b334a8d4ba4f2ae13171.jpg
くるみ割り人形,http://www.albatros-film.com/wp-content/uploads/2015/04/87707509b81f3c592b530fdfeb931d4c1.jpg
はなればなれに,http://www.albatros-film.com/wp-content/uploads/2015/03/70c8cb25f9626ebef4794c6243a9b2011.jpg
リターン・トゥ・アース　宇宙に囚われた1027日,http://www.albatros-film.com/wp-content/uploads/2015/03/f50e150d400d92f577eabcc4ea4987be1.jpg
悪魔の倫理学,http://www.albatros-film.com/wp-content/uploads/2015/03/49f1d249432f5f9a9248a577ae343d431.jpg
レジェンド・オブ・クリスタル・スカル,http://www.albatros-film.com/wp-content/uploads/2015/03/39f796c30c05cfacc3f9d3b4210797a51.jpg
ボルケーノ・シティ,http://www.albatros-film.com/wp-content/uploads/2015/03/319ec64b3b14a5bc9b08c98f6d90bbee1.jpg
アクア・クリーチャーズ,http://www.albatros-film.com/wp-content/uploads/2015/03/f130d8dcf61bdac9e77756af71ffa64e1.jpg
アニマル,http://www.albatros-film.com/wp-content/uploads/2015/05/f099201a15540d15ca7dda3c7b8e522b1.jpg
恋の罰,http://www.albatros-film.com/wp-content/uploads/2015/03/93324f780122b09df9ab2aad1637ace61.jpg
戦慄怪奇ファイル　コワすぎ！ 最終章,http://www.albatros-film.com/wp-content/uploads/2015/05/8dde8a225de7786ca2d62ec225cd19df1.jpg
もしも君に恋したら。,http://www.albatros-film.com/wp-content/uploads/2015/02/3d2217ef0f03537a0497c33a3daab0841.jpg
トラップ,http://www.albatros-film.com/wp-content/uploads/2015/02/744a187afac6761619ec2d38252d84361.jpg
バトル・オブ・バルジ,http://www.albatros-film.com/wp-content/uploads/2015/02/30a0ba774950cfe0d3f5acf960663e2e1.jpg
レベル15,http://www.albatros-film.com/wp-content/uploads/2015/02/level151.jpg
フローズン・アース,http://www.albatros-film.com/wp-content/uploads/2015/02/76fdcf1843e7c2abdf7418344ec959fd1.jpg
ラスベガス・イリュージョンカジノから2000万ドルを奪う方法,http://www.albatros-film.com/wp-content/uploads/2015/02/cba468450991c4535ee8c5acb57f4f491.jpg
脱衣麻雀アイドル戦国時代ネイキッド・バトルロワイアル,http://www.albatros-film.com/wp-content/uploads/2015/02/6d1da5907e329e33db0d14c4bea56eb21.jpg
リベンジポルノ LOVE IS DEAD,http://www.albatros-film.com/wp-content/uploads/2015/02/663b2e430af8f6b8effb569030fb357a1.jpg
愛の罪,http://www.albatros-film.com/wp-content/uploads/2015/02/942fbe4d7f47e4d377e8818ae686970a1.jpg
ジャングル・シャッフル,http://www.albatros-film.com/wp-content/uploads/2015/02/cc0ba89287e54fdb9ce33b3885fe06781.jpg
ネクロマンティック,http://www.albatros-film.com/wp-content/uploads/2015/02/904d9cd4c85304a03fd1066a49c6ed4d1.jpg
ネクロマンティック2,http://www.albatros-film.com/wp-content/uploads/2015/02/80c8243377c6dad3440c8a0f38309ae21.jpg
死の王,http://www.albatros-film.com/wp-content/uploads/2015/02/0ca6a2ef8630c09f3bfb4ac1576d4de41.jpg
悪童日記,http://www.albatros-film.com/wp-content/uploads/2015/01/7e8ddb74ee276876dc40ccc8b715eaa11.jpg
アイ・スピット・オン・ユア・グレイヴ　アナザー,http://www.albatros-film.com/wp-content/uploads/2015/01/8441665e42e84acefbe4847003fb92cf1.jpg
ハン・ゴンジュ 17歳の涙,http://www.albatros-film.com/wp-content/uploads/2015/01/1c4828d6c7179ed59caa3d0a2a45366a1.jpg
ラビリンス 4つの暗号とトランプ迷宮の秘密,http://www.albatros-film.com/wp-content/uploads/2015/01/f0e6d6a9bbd95c4aae7fbed4c775ef431.jpg
M10.0ロサンゼルス大地震,http://www.albatros-film.com/wp-content/uploads/2015/01/4575861c7a4643135a6a06a13a34596c1.jpg
ランニング・マン,http://www.albatros-film.com/wp-content/uploads/2015/01/d397e48182c70455b7715d45a5c953721.jpg
脱衣麻雀警察24時 ネイキッド・バトルロワイアル,http://www.albatros-film.com/wp-content/uploads/2015/01/45fbff76acba3bdd46dc96e9c1aaadb21.jpg
美しい女は、嘘をつく,http://www.albatros-film.com/wp-content/uploads/2015/01/855dc7812dd3ba41ccb3d877223bb4b21.jpg
子宮に沈める,http://www.albatros-film.com/wp-content/uploads/2015/01/00ed70b069ea9dd136ba8898d51d0ba61.jpg
余命90分の男,http://www.albatros-film.com/wp-content/uploads/2014/12/91793e802942dfbe3961334d9c8fc1f41.jpg
デッドハング,http://www.albatros-film.com/wp-content/uploads/2014/12/b224500a476e90cbb1b73b00470aa6c41.jpg
シャークネード カテゴリー2,http://www.albatros-film.com/wp-content/uploads/2014/11/sharknado2_dvd_jk1.jpg
パラノーマル・エクスペリメント,http://www.albatros-film.com/wp-content/uploads/2014/12/d1aaaf134140b71dd665356378c2e7ea1.jpg
アポカリプス・トゥモロー,http://www.albatros-film.com/wp-content/uploads/2014/12/bd15f2e7100512d6724c4d54433fac191.jpg
午前零時の恐怖劇場　呪い篇,http://www.albatros-film.com/wp-content/uploads/2014/12/7f3db6a792933c92cb37281445eb2de31.jpg
あまくちナイト2,http://www.albatros-film.com/wp-content/uploads/2014/12/94d7984ba881da93b293b7312b60b0471.jpg
ドラゴン・パンダ,http://www.albatros-film.com/wp-content/uploads/2014/12/69df087e75ed9767c163b5fd26046b2b1.jpg
モテ福2（2枚組）,http://www.albatros-film.com/wp-content/uploads/2014/12/3371877fae19d7fd5d8f6f3a6085a3a51.jpg
大恐竜時代へGO!!  ブラキオサウルスのすべり台,http://www.albatros-film.com/wp-content/uploads/2014/11/71e2dd315eff0ea5b734c905f899d0d91.jpg
大恐竜時代へGO!!  アロサウルスの大ゲンカ,http://www.albatros-film.com/wp-content/uploads/2014/11/1e930f1b761f2b5867810b559c362e3f1.jpg
ソルジャーズ・オブ・フューリー,http://www.albatros-film.com/wp-content/uploads/2014/11/a3e57021254bb09007fff7ce7eab46ff1.jpg
タイムリーパーズ,http://www.albatros-film.com/wp-content/uploads/2014/11/c60c157c7d82b5933da2bc28f6bdb5af1.jpg
ウォー・オブ・ザ・ワールド,http://www.albatros-film.com/wp-content/uploads/2014/11/621b78ce7c250b0db4025cd2ffd2a46a1.jpg
アンニュイ～倦怠の季節～,http://www.albatros-film.com/wp-content/uploads/2014/11/b9bfd193062d16976d1c0f651eede2391.jpg
スノーホワイト 白雪姫の純潔と妖艶の女王,http://www.albatros-film.com/wp-content/uploads/2014/11/5cef003e82685746974f238ac25c1f7d1.jpg
母と娘、その夫と愛人,http://www.albatros-film.com/wp-content/uploads/2014/11/4ff100c588ccd1a0fbdae056a40ace591.jpg
あまくちナイト,http://www.albatros-film.com/wp-content/uploads/2014/11/ba841ca48aa64bc2d88ad574ffda8a6a1.jpg
午前零時の恐怖劇場 絶叫篇,http://www.albatros-film.com/wp-content/uploads/2014/11/2fb11e1db8efee5be62375da060068801.jpg
マックス・ヒーローズ,http://www.albatros-film.com/wp-content/uploads/2014/11/41c75ecb9a248bacb6847ad8de401d951.jpg
THE BRIDGE/ブリッジ シーズン2 DVD-BOX,http://www.albatros-film.com/wp-content/uploads/2014/11/BRIDGE2JK1.jpg
大恐竜時代へGO!!  ティラノサウルスと追いかけっこ,http://www.albatros-film.com/wp-content/uploads/2014/10/a9ba56b3b92707422c67be17cae967e01.jpg
大恐竜時代へGO!!  トリケラトプスのツノを探そう,http://www.albatros-film.com/wp-content/uploads/2014/10/085eafc9961288e128f3accb625839421.jpg
大恐竜時代へGO!!  オルニトケイルスの背中に乗って,http://www.albatros-film.com/wp-content/uploads/2014/10/b878d21b78ab882014d7f628458c039b1.jpg
ドント・ディスターブ！オレたち最強バディ,http://www.albatros-film.com/wp-content/uploads/2014/10/b281031bd2ba3bf542fe88733ec6cced1.jpg
エクスペンダブル・レディズ,http://www.albatros-film.com/wp-content/uploads/2014/10/3108418450d675c98c16994e3021acb21.jpg
イントゥ・ザ・スペース,http://www.albatros-film.com/wp-content/uploads/2014/10/5227a1f320cd4fcfb7e8fc471400f0031.jpg
ロスト・フューチャー　10,000デイズ・アフター,http://www.albatros-film.com/wp-content/uploads/2014/10/57548078a57f51ffc54d5d7dcfb970681.jpg
エンド・オブ・アメリカ,http://www.albatros-film.com/wp-content/uploads/2014/10/23316dab1f8b1865b385382f79fb3eca1.jpg
アンドロイド・ヴァージン,http://www.albatros-film.com/wp-content/uploads/2014/10/554fbc740a5fc7ff763e7aa70b4ba2261.jpg
58days,http://www.albatros-film.com/wp-content/uploads/2014/10/58daysJK1.jpg
新任女教師　未熟な進路指導,http://www.albatros-film.com/wp-content/uploads/2014/10/f853265a5eafd05c1356a4a6967785471.jpg
バトル・オブ・バミューダトライアングル,http://www.albatros-film.com/wp-content/uploads/2014/09/1b17fcf400732506bc94e79ef131582f1.jpg
S.I.U.ロサンゼルス特捜隊,http://www.albatros-film.com/wp-content/uploads/2014/09/siu_JK1.jpg
ヘラクレス　帝国の侵略,http://www.albatros-film.com/wp-content/uploads/2014/09/1bd5e6dd3e7cc6cf3eb53114a144c2d81.jpg
ロサンゼルス女子刑務所,http://www.albatros-film.com/wp-content/uploads/2014/09/6ad4d72143e5860d6f719e73130c8e9e1.jpg
ハプニング・ブロードキャスター,http://www.albatros-film.com/wp-content/uploads/2014/09/883606333a1642c99119d46f63332fa71.jpg
夜光華～銀座処女ホステス～,http://www.albatros-film.com/wp-content/uploads/2014/09/bd85657c75a7beefa115cb4ee40abcad1.jpg
48days,http://www.albatros-film.com/wp-content/uploads/2014/09/48days-jk1.jpg
わるいおんな,http://www.albatros-film.com/wp-content/uploads/2014/09/1af19e69eb1051396f2e9f3153c083eb1.jpg
押入れ　旧題：味見したい人妻たち,http://www.albatros-film.com/wp-content/uploads/2014/09/8f64707bfbf324bfe4435872decb650e1.jpg
ロボット・キッカーズ,http://www.albatros-film.com/wp-content/uploads/2014/09/56bd2e89d78ede59c8d316c8c50ff2061.jpg
ロボクロコ,http://www.albatros-film.com/wp-content/uploads/2014/09/a47ea436605a9580b57090dd532497a51.jpg
ワレサ　連帯の男,http://www.albatros-film.com/wp-content/uploads/2014/08/5a211f0995836af4a3c5836ba214ced51.jpg
スリーピング・ビューティー 眠れる森の美女と呪われた城,http://www.albatros-film.com/wp-content/uploads/2014/08/2848dcf207e506d3e4c40cbfae15e9b71.jpg
アザーズ　－捕食者－,http://www.albatros-film.com/wp-content/uploads/2014/08/da262e3fd1b60884bd51a7316dfc4ad31.jpg
アルマゲドン2014,http://www.albatros-film.com/wp-content/uploads/2014/08/b1bc2a9029ad7387d24c776293b5782b1.jpg
リベンジポルノ,http://www.albatros-film.com/wp-content/uploads/2014/08/a4279f0e268fee41690beb62e13101c81.jpg
スペースシップ・エクスタシー,http://www.albatros-film.com/wp-content/uploads/2014/08/9a0a497fa6d7269b6c1804e6c546586c1.jpg
フジミ姫　あるゾンビ少女の災難,http://www.albatros-film.com/wp-content/uploads/2014/08/c8ef6646ab45a7daeab835ace1b06dfe1.jpg
脱衣麻雀プリズン,http://www.albatros-film.com/wp-content/uploads/2014/08/942be9566c779f95ed975d27095c75c31.jpg
サンタのマジック・クリスタル,http://www.albatros-film.com/wp-content/uploads/2014/08/1a0a8057614d385766312dae1ea8b1981.jpg
ザ・アブノーマル,http://www.albatros-film.com/wp-content/uploads/2014/08/8831162d6c846e29302b2a4b210eefad1.jpg
ニューヨーク・バーグドルフ 魔法のデパート,http://www.albatros-film.com/wp-content/uploads/2014/07/6fbcd32d8a0c28b5141512f4b9ad0e321.jpg
エアポート2014,http://www.albatros-film.com/wp-content/uploads/2014/07/d9cbd49fad85a6894a66e4a07ce016881.jpg
ワールド・フォー・スピード,http://www.albatros-film.com/wp-content/uploads/2014/07/aa9d7e5d26453b5fd11628d0d448baf11.jpg
インベイダー,http://www.albatros-film.com/wp-content/uploads/2014/07/9a7dbba0ec3589372c20eed3c32f2f7e1.jpg
ファイブ・ルームス,http://www.albatros-film.com/wp-content/uploads/2014/07/a209867794b6c8faa7a8f1f91ea7d4671.jpg
桃木屋旅館騒動記,http://www.albatros-film.com/wp-content/uploads/2014/07/ff157ab297a403b3ad7d2481a8b141211.jpg
HO～欲望の爪痕～,http://www.albatros-film.com/wp-content/uploads/2014/07/f519d73bbeef8ea627f02fca30aeaeaf1.jpg
モンキー・ラッシュ,http://www.albatros-film.com/wp-content/uploads/2014/07/e773266f1f9bd90d3bf08f1eb7debad11.jpg
レイプゾンビ　ファイナル（DVD2枚組）,http://www.albatros-film.com/wp-content/uploads/2014/07/d5b35eab737606764e974414335b4c101.jpg
レイプゾンビ4 LUST OF THE DEAD クローン巫女大戦,http://www.albatros-film.com/wp-content/uploads/2014/07/8414f1402e49ec9188e44624ffce67b81.jpg
レイプゾンビ5 LUST OF THE DEAD 新たなる絶望,http://www.albatros-film.com/wp-content/uploads/2014/07/12068a518e611b6874c887a75662a5131.jpg
NAKED BODY ネイキッド・ボディ,http://www.albatros-film.com/wp-content/uploads/2014/07/ecee80ce841b6d01376b0e65e814e1e81.jpg
マリリン・モンロー 瞳の中の秘密,http://www.albatros-film.com/wp-content/uploads/2014/06/0ca21b33dfbb53ad974dac677551a00a1.jpg
アフガニスタン,http://www.albatros-film.com/wp-content/uploads/2014/06/60963c649e9dfe8f26a47b9c7d6f57611.jpg
ゾンビ・ナイト,http://www.albatros-film.com/wp-content/uploads/2014/06/040212a84ff8e9ffce78e1f119f9020d1.jpg
アメイジング・トイワールド カラクリ地下迷宮とおもちゃ王の秘宝,http://www.albatros-film.com/wp-content/uploads/2014/06/e6f5724a55d99c8af9abb3caed4cd7291.jpg
ホラー・ストーリーズ,http://www.albatros-film.com/wp-content/uploads/2014/06/714980d871c2349777f89903a028e53a1.jpg
キラー・トーナメント,http://www.albatros-film.com/wp-content/uploads/2014/06/a3ffd5052467dc46e066fe7523dbe5761.jpg
未来刑事ジェシカ,http://www.albatros-film.com/wp-content/uploads/2014/06/ea65a551c09a6ebfe902e2ee54d69d561.jpg
人妻観察委員会,http://www.albatros-film.com/wp-content/uploads/2014/06/c5cafbfb615338c051f94b19a3d7d8451.jpg
悪女の唇 ～快楽教室～,http://www.albatros-film.com/wp-content/uploads/2014/06/0305dff4f35867563d5f20a218f4a1991.jpg
楽隊のうさぎ,http://www.albatros-film.com/wp-content/uploads/2014/06/85e72f191d26fbad00227c6fa4405de31.jpg
サバンナ・アドベンチャー,http://www.albatros-film.com/wp-content/uploads/2014/06/f28714cec7275dacea38348ce7f9649c1.jpg
少女は自転車にのって,http://www.albatros-film.com/wp-content/uploads/2014/05/aab4986d9cc845ff61f67a5fc11add6211.jpg
ホドロフスキーのサイコマジック・ストーリー,http://www.albatros-film.com/wp-content/uploads/2014/05/b8315a491dc2df9611d2ac831aefc7bf1.jpg
メガ・シャークVSメカ・シャーク,http://www.albatros-film.com/wp-content/uploads/2014/05/f04f95ef4394c06901c26eaecd0041d91.jpg
アンドロイドコップ,http://www.albatros-film.com/wp-content/uploads/2014/05/fccd83096edd11d725569d0aee4a73121.jpg
ポンペイ2014,http://www.albatros-film.com/wp-content/uploads/2014/05/fbbc49008b0a1b6bd132cf8b1cbf4d571.jpg
レディ・アウトレイジ,http://www.albatros-film.com/wp-content/uploads/2014/05/d4ca0bc4ada4a517099172b5eb59495d1.jpg
美人妻白書 隣の芝は,http://www.albatros-film.com/wp-content/uploads/2014/05/fa9fe186d7232f4ffccf8cd28c764a5a1.jpg
レイプルーム,http://www.albatros-film.com/wp-content/uploads/2014/05/ebbf250f55ff4d2ee085c55bd10c43ed1.jpg
戦慄怪奇ファイル コワすぎ！ 史上最恐の劇場版,http://www.albatros-film.com/wp-content/uploads/2014/05/4e39dde21fd98e5246ce7a720a4b090e1.jpg
バード・ストーリー,http://www.albatros-film.com/wp-content/uploads/2014/05/afb2e8945dbd0d1b490bfff680bc7a6a1.jpg
パラノーマル・インシディアス,http://www.albatros-film.com/wp-content/uploads/2014/05/5c4591daeaccf08006691f131e717dd31.jpg
ジェネレーション・ウォー DVD-BOX,http://www.albatros-film.com/wp-content/uploads/2014/03/c2202899255b3c5c5e05fdd1ffe47d911.jpg
ベネディクト・カンバーバッチ ホーキング,http://www.albatros-film.com/wp-content/uploads/2014/04/9a556073b8357562f61b6ffea28e91f41.jpg
スキンウォーカー・プロジェクト,http://www.albatros-film.com/wp-content/uploads/2014/04/d49a6ec11a7d87a2224bba432b1f8b4e1.jpg
バージニア その町の秘密,http://www.albatros-film.com/wp-content/uploads/2014/04/c8c7754c46c7f6f853b70197f574f4831.jpg
アイス・ジョーズ,http://www.albatros-film.com/wp-content/uploads/2014/04/52646f6f5393a6253096c4679749f8091.jpg
ダーク・グラビティ,http://www.albatros-film.com/wp-content/uploads/2014/04/b636a3def740730187609356ddecd1741.jpg
アベンジャー・ガールズ,http://www.albatros-film.com/wp-content/uploads/2014/04/6dc4a297e172e71c38a74ed0e16f147f1.jpg
ハケン家庭教師の事件手帖,http://www.albatros-film.com/wp-content/uploads/2014/04/f606ad8e438942b91cc6805d324439121.jpg
教授と女子大生,http://www.albatros-film.com/wp-content/uploads/2014/04/5facaef5dc77f957fcc643151047a4071.jpg
モテ福（2枚組）,http://www.albatros-film.com/wp-content/uploads/2014/04/fdf94b2e6af22c69cdba5ea3b020c8181.jpg
脱衣麻雀病棟X,http://www.albatros-film.com/wp-content/uploads/2014/04/6340c71bb7988edb808979ada7c5cc5b1.jpg
テロリストのゲーム,http://www.albatros-film.com/wp-content/uploads/2014/04/e6cd09cc822d0350662b20c87b960ad01.jpg
ジャン・レノ 刑事ジョー パリ犯罪捜査班　DVD-BOX,http://www.albatros-film.com/wp-content/uploads/2014/03/dad5132c625276313b3fc086eaabb0c91.jpg
ありふれた事件,http://www.albatros-film.com/wp-content/uploads/2014/03/af980d12d69b81881b24c036a0dd3d401.jpg
サドンデス,http://www.albatros-film.com/wp-content/uploads/2014/03/8235a165b04459e3e008f44da3f0d3551.jpg
ジェットストリーム,http://www.albatros-film.com/wp-content/uploads/2014/03/8f3d5b4d650ba5caf0c3c05f83fbf9ae1.jpg
ザルマン・キング　蜜の王国,http://www.albatros-film.com/wp-content/uploads/2014/03/5e3b387f68f2d1709be5533a798301471.jpg
バイオレンス・マウンテン 凌辱の山,http://www.albatros-film.com/wp-content/uploads/2014/03/72c2b0d21409dc5a559d47a362d06d8b1.jpg
ハプニング・ヘアサロン,http://www.albatros-film.com/wp-content/uploads/2014/03/250ff59c8085a9e88f68301984d6576a1.jpg
女優監禁暴行事件,http://www.albatros-film.com/wp-content/uploads/2014/03/101fb5374a9727c3fb4f6f1c4f697e8d1.jpg
恐竜を掘ろう,http://www.albatros-film.com/wp-content/uploads/2014/03/5d6925636aad58e9a7813b6358376bfc11.jpg
アラグレⅡ ROPPONGI V.S. SHIBUYA,http://www.albatros-film.com/wp-content/uploads/2014/03/24266542530d88419195e754cb8302691.jpg
妹の夏,http://www.albatros-film.com/wp-content/uploads/2014/03/49229b8858e64b179c9499da88bb240d1.jpg
CAMP キャンプ,http://www.albatros-film.com/wp-content/uploads/2014/03/9c1bbc0efd4006369a0b9bfda8ce73571.jpg
ゆる玉わーるど テレ玉くんが行く！,http://www.albatros-film.com/wp-content/uploads/2014/03/f53018424d43fea4f3f6248015beb55e1.jpg
アーミー・オブ・ダークネス,http://www.albatros-film.com/wp-content/uploads/2014/03/4dfba8bedf3c17701e34f537f460a5141.jpg
THE BRIDGE/ブリッジ　DVD-BOX,http://www.albatros-film.com/wp-content/uploads/2014/02/2aaf34b89184e8d94c7c733a6994c6671.jpg
母なる復讐 ～女子高生強姦事件～,http://www.albatros-film.com/wp-content/uploads/2014/02/65441746c69d0463d9ddab966875e0581.jpg
ミッドナイトチェイス,http://www.albatros-film.com/wp-content/uploads/2014/02/7c2011d7ac71287a18fde9ec8a04bc371.jpg
ルーク・ゴス　ヘル・ブレイカーズ,http://www.albatros-film.com/wp-content/uploads/2014/02/65d0c78b91c22e7bdbeb1b08164f2db91.jpg
インデペンデンス・デイ2014,http://www.albatros-film.com/wp-content/uploads/2014/02/d998b99d0c0a1af45a9e4d23a911834e1.jpg
オープンウォーター・サスペクト,http://www.albatros-film.com/wp-content/uploads/2014/02/7d8a5174f86679c5fb9f7a1f025fab441.jpg
クノイチ・アサシン,http://www.albatros-film.com/wp-content/uploads/2014/02/baf9a5b1d8fc53c10019f4502cc6d95c1.jpg
絶対領域,http://www.albatros-film.com/wp-content/uploads/2014/02/3230c3f2225180fc08e2d71dad76209a1.jpg
淫執～クレイジー・ラブ～,http://www.albatros-film.com/wp-content/uploads/2014/02/1bae108d2f36493c49267b7bba281ea91.jpg
フィッシュ・レース2,http://www.albatros-film.com/wp-content/uploads/2014/02/8a0fb611aca0d0d5fbbc284c093fc3801.jpg
戦慄怪奇ファイル コワすぎ! 劇場版・序章,http://www.albatros-film.com/wp-content/uploads/2014/02/8cb6f5a69b7c36057c7401e05d85141c1.jpg
アイ・スピット・オン・ユア・グレイヴ2,http://www.albatros-film.com/wp-content/uploads/2014/01/28c7d3842d067f427a411ceb549f23c01.jpg
スリーデイズ・ボディ　彼女がゾンビになるまでの3日間,http://www.albatros-film.com/wp-content/uploads/2014/01/cd6c1b833e6fbb5773ac72ac7608f60b1.jpg
メトロマニラ　世界で最も危険な街,http://www.albatros-film.com/wp-content/uploads/2014/01/7aebc265bfec6a8a0cddb8e79b231cec1.jpg
エンド・オブ・ザ・ワールド2014,http://www.albatros-film.com/wp-content/uploads/2014/01/4c63e4a25911a4b24b065167b23a96e71.jpg
怪盗キャッツ&ハニー,http://www.albatros-film.com/wp-content/uploads/2014/01/5671bed1f90cc6dfe16f29abbcb271421.jpg
裏麻雀美神列伝　闇打ちのユメ,http://www.albatros-film.com/wp-content/uploads/2014/01/a35fd1f4de3691a9f5a3119eb5f2d95f1.jpg
淫慾～いんよく～,http://www.albatros-film.com/wp-content/uploads/2014/01/3a935ed7b1dd80da5b3ec5756e79d00f1.jpg
ハッピーレシピ　The Drama episode2～レシピどろぼう～,http://www.albatros-film.com/wp-content/uploads/2014/01/df8bcd91f755f4623241a36d5282c3e91.jpg
フィッシュ・レース,http://www.albatros-film.com/wp-content/uploads/2014/01/2cb0939f214d67b964626637589a40551.jpg
アウトブレイク2014,http://www.albatros-film.com/wp-content/uploads/2014/01/759cc64525ab007ff34f26900fae74261.jpg
スリー・ヒットマン,http://www.albatros-film.com/wp-content/uploads/2014/01/25913b0f5562a11860e590831199cade1.jpg
ハッピーレシピ　The Drama　episode1～あの娘は だあれ？～,http://www.albatros-film.com/wp-content/uploads/2013/12/b1d5250660651a85f57254faf8db98191.jpg
ニューヨーク2014,http://www.albatros-film.com/wp-content/uploads/2013/12/d31116f3ab68adb1bd80a32754e5ccdd1.jpg
ナイトメアは欲情する,http://www.albatros-film.com/wp-content/uploads/2013/12/50cc828e98f81bacdee1f9e9f9f83e211.jpg
ポセイドン・レックス,http://www.albatros-film.com/wp-content/uploads/2013/12/440a738221b67b8cc2cba40d01c79b3f1.jpg
アースレイジ　合衆国最期の日,http://www.albatros-film.com/wp-content/uploads/2013/12/bcc1f304de34415e9e184c8798d0575e1.jpg
ガーデン・オブ・エデン～失楽園の3人～,http://www.albatros-film.com/wp-content/uploads/2013/12/5377bb0212e9786a4d34cf9f2d2399e11.jpg
ダイナマイト・コップ　ブロンド秘密警察,http://www.albatros-film.com/wp-content/uploads/2013/12/1569714373078e6d6dc07bbe4072f4e021.jpg
裏麻雀美神列伝 脱がせの美咲,http://www.albatros-film.com/wp-content/uploads/2013/12/be70a451298d7160bfc0bc00446ab26b1.jpg
人妻合姦,http://www.albatros-film.com/wp-content/uploads/2013/12/fb05bff1e1a00b1e9917e8819198f66d1.jpg
ヒューマン・トラフィッキングI.C.E.人身売買捜査官,http://www.albatros-film.com/wp-content/uploads/2013/12/c0f2b46b2b4f31dc5b6c90f0befd32ee1.jpg
洒落にならない死ぬほど怖い話,http://www.albatros-film.com/wp-content/uploads/2013/12/139fddb093e0fbd98500e8f10f2321b21.jpg
ニューヨーク、恋人たちの2日間,http://www.albatros-film.com/wp-content/uploads/2014/01/843e6048b8710218dc1893764c5e7d1e1.jpg
シャークネード,http://www.albatros-film.com/wp-content/uploads/2013/11/8f920b1fc36d7cf02270453ed05169241.jpg
ライオンハート　獅子王リチャードと呪われた城,http://www.albatros-film.com/wp-content/uploads/2013/11/36936046fa59545c2e2c4e77ba5d94ac1.jpg
ブラックホール,http://www.albatros-film.com/wp-content/uploads/2013/11/b1ecf2051faffa96db200bec379f15311.jpg
悪霊のはらわた,http://www.albatros-film.com/wp-content/uploads/2013/11/e2b294ed7d86f21c4d961dbb9d059bd31.jpg
バスティーユ、聖女の恍惚、愛の牢獄,http://www.albatros-film.com/wp-content/uploads/2013/11/81ef0d650fdf897f83d1d6c38f9eaef71.jpg
寿司ボディ　NYOTAI-MORI,http://www.albatros-film.com/wp-content/uploads/2013/11/b36f43b87bac5f44f300a2de2cef586b1.jpg
ザ・スワップ,http://www.albatros-film.com/wp-content/uploads/2013/11/7fd67935531efc5f978abe39156df6821.jpg
裏麻雀美神列伝 潰し屋レイカ,http://www.albatros-film.com/wp-content/uploads/2013/11/1afac0cb5bd6bc0ac744524518d81af21.jpg
コンプリート・ブロンド,http://www.albatros-film.com/wp-content/uploads/2013/11/4f55ad808ac49b7327c1a423dc84ec6c1.jpg
中ニ病のえじき,http://www.albatros-film.com/wp-content/uploads/2013/11/9d04d4b8257fe486020729102b5292871.jpg
ベネディクト・カンバーバッチ　僕が星になるまえに,http://www.albatros-film.com/wp-content/uploads/2013/10/1c6f7bd3710ad0de28628c58c76600641.jpg
アドベンチャー・オブ・クリスマス冬の魔女とサンタのプレゼント工場,http://www.albatros-film.com/wp-content/uploads/2013/10/b84a9bf5208ac7521d977b12eb3096e71.jpg
ミーシャ・バートン　処刑病棟,http://www.albatros-film.com/wp-content/uploads/2013/10/83a9581cf03f6d925d4e3edde3fbc5581.jpg
ダイナソーinL.A.,http://www.albatros-film.com/wp-content/uploads/2013/10/40cebbb29552c1c1873ef2628c51338e1.jpg
グランド・クロス ジャッジメント・デイ,http://www.albatros-film.com/wp-content/uploads/2013/10/3d167fb1879b3e8a09d92abe4603053d1.jpg
死霊の囁き,http://www.albatros-film.com/wp-content/uploads/2013/10/e912d733e6cb3cc3b424f1254112a7db1.jpg
パラノーマル・リアリティ,http://www.albatros-film.com/wp-content/uploads/2013/10/27b9dbc0904b9afb1111b6bc457a5d9a1.jpg
ベルリン、少女サラの禁じられた遊び,http://www.albatros-film.com/wp-content/uploads/2013/10/daa4c8e7f45503e1017d8ba20b3101201.jpg
WIB ウーマン・イン・ブラック,http://www.albatros-film.com/wp-content/uploads/2013/10/ed289a2e0985fd99c09818d8b6c3bfe51.jpg
わたしの中の淫らな獣,http://www.albatros-film.com/wp-content/uploads/2013/10/93a3bd79eeafec600ef456fbbe9ec5641.jpg
「わたし」の人生（みち）我が命のタンゴ,http://www.albatros-film.com/wp-content/uploads/2013/10/75b67f4b7855af00840235e652d940df1.jpg
アラーム・フォー・コブラ11 シーズン10,http://www.albatros-film.com/wp-content/uploads/2013/09/8bf7b696707be5d885a40a1ca8c9e3091.jpg
エアフォースワン・ダウン,http://www.albatros-film.com/wp-content/uploads/2013/09/6da9bd2d67087668d3347fa1a9e41a321.jpg
バトル・オブ・アトランティス,http://www.albatros-film.com/wp-content/uploads/2013/09/7098b19db38751a8047d3a72700e6aa51.jpg
アイスフォール,http://www.albatros-film.com/wp-content/uploads/2013/09/a3cb27c7462582f28cfbbf1260f749451.jpg
ルーク・ゴス　ブラッド・ブレイク,http://www.albatros-film.com/wp-content/uploads/2013/09/ad2aab4ae2e9705ca77f325982172ba71.jpg
スパルタカス・クィーン 欲望と戦いの伝説,http://www.albatros-film.com/wp-content/uploads/2013/09/43f87f07d62aedb7d4cc9139acf530181.jpg
女秘書の濡れた下着,http://www.albatros-film.com/wp-content/uploads/2013/09/72c9438aba458a4fbcb5247ed5243a861.jpg
BUSHIDO MAN ブシドーマン,http://www.albatros-film.com/wp-content/uploads/2013/09/BUSHIDO-MAN-JK1.jpg
LIPSTICK　リップスティック,http://www.albatros-film.com/wp-content/uploads/2013/09/84c05b8fd0e3f60523960ed83b6375bd1.jpg
体温,http://www.albatros-film.com/wp-content/uploads/2013/09/413a1725d5a72dbd6b363bd819f5b6cb1.jpg
ブラックリスト,http://www.albatros-film.com/wp-content/uploads/2013/09/s1.jpg
1800cc,http://www.albatros-film.com/wp-content/uploads/2013/09/f1aae6be93d8cbea9c0488ef2b922d061.jpg
ロイヤル・アフェア　愛と欲望の王宮,http://www.albatros-film.com/wp-content/uploads/2013/08/72649de45f340dc447974b111f5e3aa81.jpg
アンデッド・ウェディング　半ゾンビ人間とそのフィアンセ,http://www.albatros-film.com/wp-content/uploads/2013/08/cafdecdea8ee75231841a65dcc6c6c271.jpg
バロン　ほらふき男爵の冒険,http://www.albatros-film.com/wp-content/uploads/2013/08/42465b23b1ea1248e8b6051dc501c6551.jpg
サイレント・ワールド2013,http://www.albatros-film.com/wp-content/uploads/2013/08/593e45ee0420625a0dc29ae4f91710d81.jpg
A.E.　アポカリプス・アース,http://www.albatros-film.com/wp-content/uploads/2013/08/dad8802887a70da0c12e2076444dd3ed1.jpg
エイリアンズ・レポート,http://www.albatros-film.com/wp-content/uploads/2013/08/eb39efc8f64ae8608129d7c3b4e593e51.jpg
シャングリラ、天国の誘惑、罪の楽園,http://www.albatros-film.com/wp-content/uploads/2013/08/6bcec2a924c37095589156d4a3f1e9531.jpg
バウンティ・ミッション,http://www.albatros-film.com/wp-content/uploads/2013/08/4de4d67e5c3ce486a0c0d108d080ffe71.jpg
チャンネル69生本番,http://www.albatros-film.com/wp-content/uploads/2013/08/60674e16f349e6f0acc7d454f4497fbd1.jpg
MOON DREAM　ムーン・ドリーム,http://www.albatros-film.com/wp-content/uploads/2013/10/s1.jpg
ホーンテッド・プリズン,http://www.albatros-film.com/wp-content/uploads/2013/08/9d3ffd1d3665f68b61e1ec743961776b1.jpg
BEFORE DAWN　ビフォア・ドーン,http://www.albatros-film.com/wp-content/uploads/2013/09/2bc8379e054c8211b10f881cf036b4491.jpg
ラスト・キリング　狼たちの銃弾,http://www.albatros-film.com/wp-content/uploads/2013/09/6c99ca4f27ec26e593dc4f26d13a86891.jpg
モンスターズ・フォレスト,http://www.albatros-film.com/wp-content/uploads/2013/09/bb67928b7684320a5dbb99825cdd19221.jpg
ソーラー・ストライク2013,http://www.albatros-film.com/wp-content/uploads/2013/09/22edd1c8d78cc790a6b4aca94347aa8f1.jpg
マシンガン・シスター,http://www.albatros-film.com/wp-content/uploads/2013/09/345b8c44cd1d9a41ac0e609329d5e5b41.jpg
ヴァンパイア・エクスタシー 吸精の館,http://www.albatros-film.com/wp-content/uploads/2013/09/98b1d823bfce578ffdaf983a3777a65821.jpg
脱衣麻雀学園Z,http://www.albatros-film.com/wp-content/uploads/2013/09/DMGZ_jk1.jpg
彼女の口の奥へ,http://www.albatros-film.com/wp-content/uploads/2013/09/660be4a31c5d224c933f5470df77ac2d1.jpg
Shame Hair ＜シェイム・ヘア＞モーニングセット、牛乳、春,http://www.albatros-film.com/wp-content/uploads/2013/09/ab4f8a68ee7478f3e9f3266ee32393c21.jpg
リトル・キングダム～《小さき者》たちの大きな冒険～,http://www.albatros-film.com/wp-content/uploads/2013/08/26307dd8880d99fd14aa49fdf032dfd01.jpg
ゾンビ・クエスト,http://www.albatros-film.com/wp-content/uploads/2013/06/29e53257ad90a0c874573f745932038d1.jpg
アルマゲドン2013,http://www.albatros-film.com/wp-content/uploads/2013/06/b6d7974b48875b29931e27447d2e192c1.jpg
トレジャー・ハンターズ　アインシュタインの秘宝を追え！,http://www.albatros-film.com/wp-content/uploads/2013/06/b53610cc56b373b7b95f8bb4b60d91bd1.jpg
ロンメル　～第3帝国最後の英雄～,http://www.albatros-film.com/wp-content/uploads/2013/06/8f523adf9ac1d506196cb598f398afc71.jpg
ロスト・ワールド2013,http://www.albatros-film.com/wp-content/uploads/2013/06/9f104a4e90bdd6b19655442a616bf5521.jpg
超時空戦記　レヴェレーター,http://www.albatros-film.com/wp-content/uploads/2013/06/revelator_Jacket_sell-JK1.jpg
スモーク,http://www.albatros-film.com/wp-content/uploads/2013/06/9a241d89f2f8a23a7601a96188e5e7b11.jpg
ブラジル、女医ヴェロニカの欲望,http://www.albatros-film.com/wp-content/uploads/2013/06/0bf5c33b7ee05bae5d71b7d49fc3a5cf1.jpg
ハプニング・ルーム,http://www.albatros-film.com/wp-content/uploads/2013/06/97688dc1dd19172644e11ea5729ceb691.jpg
実録・韓国芸能スキャンダル ～アイドルの裏接待篇～,http://www.albatros-film.com/wp-content/uploads/2013/06/11fd8bdfd84ff9aed58ea010744675b71.jpg
東ベルリンから来た女,http://newselect.sakura.ne.jp/albatros-film.com/wp-content/uploads/2013/07/4e5004e2f278ea0b9779c202097d09931.jpg
YES/NO　イエス・ノー,http://newselect.sakura.ne.jp/albatros-film.com/wp-content/uploads/2013/06/7e587a1850adfd60246274c71204560d1.jpg
ワールド・オン・ファイアー,http://www.albatros-film.com/wp-content/uploads/2013/07/s1.jpg
ジャック・ザ・ジャイアントキラー　空飛ぶ城と天空の王国,http://newselect.sakura.ne.jp/albatros-film.com/wp-content/uploads/2013/06/5e15938b035dbb52c6d79f6d1d01e76521.jpg
彼女はパートタイムトラベラー,http://newselect.sakura.ne.jp/albatros-film.com/wp-content/uploads/2013/06/72e3a36c70c638de3416da090db89f0a21.jpg
クローズド・サーキット　殺人ライブビューイング,http://newselect.sakura.ne.jp/albatros-film.com/wp-content/uploads/2013/06/583c2f651a6e5595499dd0bfdd8a62621.jpg
レベッカ,http://newselect.sakura.ne.jp/albatros-film.com/wp-content/uploads/2013/06/6d40d9c3a84b8ee5e138c3432ec5242e1.jpg
不倫白書,http://newselect.sakura.ne.jp/albatros-film.com/wp-content/uploads/2013/06/1ec39b77b2bec3a338a6ff9c816d58761.jpg
実録・韓国芸能スキャンダル～女優の下半身篇～,http://newselect.sakura.ne.jp/albatros-film.com/wp-content/uploads/2013/06/3e4c2dae99548a962f2e72d09ddbe56c1.jpg
アラグレ ARAGURE,http://www.albatros-film.com/wp-content/uploads/2013/06/s11.jpg
HITCH-HIKE　ヒッチハイク,http://newselect.sakura.ne.jp/albatros-film.com/wp-content/uploads/2013/06/0abd5378c4020d6f98cbf8186d55dcc61.jpg
ヘンゼルとグレーテル　おそろし森の魔女,http://newselect.sakura.ne.jp/albatros-film.com/wp-content/uploads/2013/06/small1.jpg
スティーヴ・オースティン　ノックアウト,http://newselect.sakura.ne.jp/albatros-film.com/wp-content/uploads/2013/06/82fadf6116d3a96987e64bcae49dccb91.jpg
魔術師マーリンの冒険,http://newselect.sakura.ne.jp/albatros-film.com/wp-content/uploads/2013/06/9b4ac8afdcd7062023b503c614d6ab161.jpg
ゾンビ・アルカトラズ,http://newselect.sakura.ne.jp/albatros-film.com/wp-content/uploads/2013/06/b6efb9bd99cd23a26a63072c446a6b491.jpg
アポカリプス・ナウ,http://newselect.sakura.ne.jp/albatros-film.com/wp-content/uploads/2013/06/ef8172b587695ec655f25f5f37a611511.jpg
オープンウォーター・シンドローム,http://newselect.sakura.ne.jp/albatros-film.com/wp-content/uploads/2013/06/aa4515ff5223367f5cb3318bb48fb6aa1.jpg
ＴＯＷＥＲ　タワー,http://newselect.sakura.ne.jp/albatros-film.com/wp-content/uploads/2013/06/73cb78c7001c339b558cd62a3939f91a1.jpg
パリ、青いスカートの女,http://newselect.sakura.ne.jp/albatros-film.com/wp-content/uploads/2013/06/2e5f9d5dcc9f4710f9d04772c501ff3e1.jpg
キャットハウス　ある娼館の物語,http://newselect.sakura.ne.jp/albatros-film.com/wp-content/uploads/2013/06/da767d226386fe1e5ffd661e897be1341.jpg
下宿屋　シェア・ハウスのセックス事情,http://newselect.sakura.ne.jp/albatros-film.com/wp-content/uploads/2013/06/0ce25fd551b88c4176903d134e189c8a1.jpg
女子高生暴力教室　タイマンBOX,http://www.albatros-film.com/wp-content/uploads/2013/06/s21.jpg
コスプレ探偵,http://newselect.sakura.ne.jp/albatros-film.com/wp-content/uploads/2013/06/2e879d101a6b6e04ae4e52ed3de40e3f1.jpg
ベストアクター・コレクション　平野良,http://www.albatros-film.com/wp-content/uploads/2013/06/hirano_s11.jpg
呪！闇のまとめサイト リア充撲滅スレ,http://www.albatros-film.com/wp-content/uploads/2013/06/s1.jpg
マキシマム・ブロウ,http://newselect.sakura.ne.jp/albatros-film.com/wp-content/uploads/2013/05/d4db3a53f3a46cb1c126f2f60e34e9911.jpg
ワールド・シャットダウン,http://newselect.sakura.ne.jp/albatros-film.com/wp-content/uploads/2013/05/5c2cec24b233af21ba822d82e6bbbe951.jpg
アルティメット・ディザスター,http://newselect.sakura.ne.jp/albatros-film.com/wp-content/uploads/2013/06/1fe16d9437ac511b1a4c78327b57c42d1.jpg
ブラック・セプテンバー～ミュンヘンオリンピック事件の真実～,http://newselect.sakura.ne.jp/albatros-film.com/wp-content/uploads/2013/06/093daa5118f51d2f6b9b2ffd4f704c8f1.jpg
妄想入試,http://newselect.sakura.ne.jp/albatros-film.com/wp-content/uploads/2013/05/c4d495023c97845599b4226972616dc61.jpg
美少女GAME,http://newselect.sakura.ne.jp/albatros-film.com/wp-content/uploads/2013/06/dc70df192b1a69538209dd9d4b62961a1.jpg
実録・姉妹相姦～しまいそうかん～,http://newselect.sakura.ne.jp/albatros-film.com/wp-content/uploads/2013/06/7e61eee0c4328f2f2023628d3fe419e91.jpg
レイプゾンビ　リターンズ,http://newselect.sakura.ne.jp/albatros-film.com/wp-content/uploads/2013/06/bcb8359aa2e541c704b9ad94008c047f11.jpg
レイプゾンビ３　LUST OF THE DEAD,http://newselect.sakura.ne.jp/albatros-film.com/wp-content/uploads/2013/06/defcc2f37e5d317328b68663b83e67e11.jpg
レイプゾンビ２ LUST OF THE DEAD,http://newselect.sakura.ne.jp/albatros-film.com/wp-content/uploads/2013/06/e179a1e0e646099da74e4d56b1d4c1ed1.jpg
ベストアクター・コレクション　浜尾京介,http://www.albatros-film.com/wp-content/uploads/2013/05/51b9146559a39d1220ce2e04ee8dbd511.jpg
ゾンビ・ハイスクール,http://www.albatros-film.com/wp-content/uploads/2013/06/02562aee4be92ba7bda59359d9516cb81.jpg
ハウス・オブ・エンジェルズ,http://www.albatros-film.com/wp-content/uploads/2013/06/s51.jpg
グレイヴ・エンカウンターズ２,http://newselect.sakura.ne.jp/albatros-film.com/wp-content/uploads/2013/06/7c64fda5e3d4ad426b91c2b549fecf4211.jpg
ストレンジャー,http://newselect.sakura.ne.jp/albatros-film.com/wp-content/uploads/2013/06/8431a663e1ac521230638a8453882bb01.jpg
モスキートマン,http://newselect.sakura.ne.jp/albatros-film.com/wp-content/uploads/2013/06/ca0e3c22d8b5fbfe4af25725043aa29c1.jpg
エアポート2013,http://newselect.sakura.ne.jp/albatros-film.com/wp-content/uploads/2013/06/2594c1ac685293a0561298d92e8ffc2b1.jpg
MONSTER　モンスター,http://newselect.sakura.ne.jp/albatros-film.com/wp-content/uploads/2013/06/1e6693cac051aaaae101fb7cbb723bd21.jpg
フィラデルフィア・エクスペリメント,http://newselect.sakura.ne.jp/albatros-film.com/wp-content/uploads/2013/06/23c0f188f2fd1ddeaf6ab5ad469ff2801.jpg
シャーク・ウィーク,http://newselect.sakura.ne.jp/albatros-film.com/wp-content/uploads/2013/06/d86d833643195713e25028f495ea4eb21.jpg
アイアン・レディ,http://newselect.sakura.ne.jp/albatros-film.com/wp-content/uploads/2013/06/7ae3e5a1af9bfde6de09ef0af826d1c21.jpg
ラストエクスタシー～最後の誘惑～,http://newselect.sakura.ne.jp/albatros-film.com/wp-content/uploads/2013/06/6df218dbecf04375d8b8fc288a4b523a1.jpg
どんずまり便器,http://newselect.sakura.ne.jp/albatros-film.com/wp-content/uploads/2013/06/a1e29b00199532390b56b217ff70adbb1.jpg
ハッピーレシピⅣ　アウトドアしちゃいました！,http://www.albatros-film.com/wp-content/uploads/2013/04/s1.jpg
セブン・ナイト・イン・アサイラム,http://www.albatros-film.com/wp-content/uploads/2013/06/s41.jpg
コールド・バレッツ　裏切りの陰謀,http://newselect.sakura.ne.jp/albatros-film.com/wp-content/uploads/2013/06/13445251d733bbb3f4d47e85fc1d71241.jpg
セクター５［第５地区］,http://newselect.sakura.ne.jp/albatros-film.com/wp-content/uploads/2013/06/dc4fddd958a9568b24f935bfd9349f661.jpg
アースレイジ,http://newselect.sakura.ne.jp/albatros-film.com/wp-content/uploads/2013/06/70404cabaf97a5f4ea05212bcd57804e1.jpg
6TRAP　6トラップ,http://newselect.sakura.ne.jp/albatros-film.com/wp-content/uploads/2013/06/acedf2612531717f50990121ab0453731.jpg
バルセロナ、天使のセックス,http://newselect.sakura.ne.jp/albatros-film.com/wp-content/uploads/2013/06/c024f1084526dc2722cc337ab6ea89871.jpg
レディ・スクワッド,http://newselect.sakura.ne.jp/albatros-film.com/wp-content/uploads/2013/06/b7204d50d4341933150d885af1d7117d1.jpg
眠る女　スリーピング・エクスタシー,http://newselect.sakura.ne.jp/albatros-film.com/wp-content/uploads/2013/06/85c9c8460ee7e357a3102e2a384b19281.jpg
ブルックリン橋をわたって,http://newselect.sakura.ne.jp/albatros-film.com/wp-content/uploads/2013/06/33f4db229e12c6fa8304485478e0e67a1.jpg
戦慄怪奇ファイル　コワすぎ！　FILE-04真相！トイレの花子さん,http://newselect.sakura.ne.jp/albatros-film.com/wp-content/uploads/2013/06/f62dd769eb25081ca99311a24790b3091.jpg
ピラナコンダ,http://www.albatros-film.com/wp-content/uploads/2013/06/58e87c6c67e63ad2fa72f9970e6f849f1.jpg
クレイジーホース・パリ　夜の宝石たち,http://newselect.sakura.ne.jp/albatros-film.com/wp-content/uploads/2013/06/a9241f31fbe6ee27d13e8262328b862a1.jpg
388,http://newselect.sakura.ne.jp/albatros-film.com/wp-content/uploads/2013/06/dbd3be4396622e6134a05a37a4429c1d1.jpg
ジェレミー・レナー　逆転のメソッド,http://newselect.sakura.ne.jp/albatros-film.com/wp-content/uploads/2013/06/b19ffc3ec81ede157a47c82450edfca91.jpg
ハイドアウト,http://newselect.sakura.ne.jp/albatros-film.com/wp-content/uploads/2013/06/d5d34c314a7c6c1b0a8cd344e610fc8b1.jpg
ＴＩＴＡＮＩＣ,http://newselect.sakura.ne.jp/albatros-film.com/wp-content/uploads/2013/06/87bf04b8c840b42d7eef3de1248a8fd01.jpg
アルマゲドン・オブ・ザ・デッド,http://newselect.sakura.ne.jp/albatros-film.com/wp-content/uploads/2013/06/4707edb671e7fd7c13255663f203f6aa1.jpg
ザ・マニアック,http://newselect.sakura.ne.jp/albatros-film.com/wp-content/uploads/2013/06/afcf31e6541f86e83695a09b563d9d331.jpg
レディ・ファントム,http://newselect.sakura.ne.jp/albatros-film.com/wp-content/uploads/2013/06/6788b2d2d62ed02ec8721a961e1abbf71.jpg
プライベートリサーチ,http://newselect.sakura.ne.jp/albatros-film.com/wp-content/uploads/2013/06/e41b7d6687875e5f86127c7d1b9d40311.jpg
ビターコーヒーライフ,http://newselect.sakura.ne.jp/albatros-film.com/wp-content/uploads/2013/06/9058a21fecca69dc74340ae738975c421.jpg
戦慄怪奇ファイル　コワすぎ！　FILE-03人喰い河童伝説,http://newselect.sakura.ne.jp/albatros-film.com/wp-content/uploads/2013/06/381837f44ee52cd40d8c5d95fb2853791.jpg
REPEAT リピート,http://www.albatros-film.com/wp-content/uploads/2013/06/s31.jpg
屋根裏部屋のマリアたち,http://newselect.sakura.ne.jp/albatros-film.com/wp-content/uploads/2013/06/2f9a36ce4435226db7a7281ed43efc921.jpg
モンスター・トーナメント　世界最強怪物決定戦,http://newselect.sakura.ne.jp/albatros-film.com/wp-content/uploads/2013/06/f598f04548dc1e4b8ff72e898af9212c1.jpg
カジノ・ゾンビ　BET OR DEAD,http://newselect.sakura.ne.jp/albatros-film.com/wp-content/uploads/2013/06/f2e6b3c2f41a19068fee9fc659f180ad1.jpg
トレジャー・ガード　ソロモンの指環と伝説の秘宝,http://newselect.sakura.ne.jp/albatros-film.com/wp-content/uploads/2013/06/1d38c2c8e0dad540c244404fd0cca1921.jpg
ロスト・フューチャー,http://newselect.sakura.ne.jp/albatros-film.com/wp-content/uploads/2013/06/2a8697c1ee810307faafaf0eecaea0771.jpg
インプリズン～調教～,http://newselect.sakura.ne.jp/albatros-film.com/wp-content/uploads/2013/06/2cd7ecec3a7f18e9817dee39d4a436e31.jpg
LADY PUSHER　レディ・プッシャー,http://www.albatros-film.com/wp-content/uploads/2013/01/c2507ba6e225ffeda807a8001c0aee441.jpg
姦淫　かんいん,http://newselect.sakura.ne.jp/albatros-film.com/wp-content/uploads/2013/06/ae436fa5c98a769da6c1b557cf5f99a61.jpg
ミッシング７７,http://newselect.sakura.ne.jp/albatros-film.com/wp-content/uploads/2013/06/bb277a553ad68dc04bd5d57674b59bf91.jpg
愛の一滴～汁男の恋～,http://newselect.sakura.ne.jp/albatros-film.com/wp-content/uploads/2013/06/c27394a8d95c9e352703c8d0745ca9961.jpg
VANISH7 バニッシュ７,http://www.albatros-film.com/wp-content/uploads/2013/06/30eb0b59dcc7951a1556cd9ae221defc1.jpg
ZONE ゾーン,http://www.albatros-film.com/wp-content/uploads/2013/06/zone-722x10241.jpg
汚れた心,http://newselect.sakura.ne.jp/albatros-film.com/wp-content/uploads/2013/06/a7cc67e92ee455fe62cf748f627c755b1.jpg
汚れた心,http://newselect.sakura.ne.jp/albatros-film.com/wp-content/uploads/2013/06/409fcf0ddeb62de5fe851cf1dda26eda1.jpg
ぼくたちのムッシュ・ラザール,http://www.albatros-film.com/wp-content/uploads/2012/12/s1.jpg
スティーヴ・オースティン　復讐者,http://newselect.sakura.ne.jp/albatros-film.com/wp-content/uploads/2013/06/a04a3f8c8e9ab4f3c730f223959261f41.jpg
リンカーンvsゾンビ,http://newselect.sakura.ne.jp/albatros-film.com/wp-content/uploads/2013/06/fd007ba8168891f6a1efd39802e45aee1.jpg
ウイニング・ストリーク　絶対にカジノで勝つ方法,http://newselect.sakura.ne.jp/albatros-film.com/wp-content/uploads/2013/06/026a23b2f83e56fa171d2170adb1c2731.jpg
レッド・サイクロン,http://newselect.sakura.ne.jp/albatros-film.com/wp-content/uploads/2013/06/3b6136e04b0aaf1e23d69da72d46f3621.jpg
デビルズ・レイプ,http://newselect.sakura.ne.jp/albatros-film.com/wp-content/uploads/2013/06/72a343bc6bb3f77e4fe4c94feb0923aa1.jpg
モスクワ、犯された人妻の告白,http://newselect.sakura.ne.jp/albatros-film.com/wp-content/uploads/2013/06/3da31ed635ee0bc6ff49aea1fe38cde41.jpg
背徳小説　悦楽の章,http://newselect.sakura.ne.jp/albatros-film.com/wp-content/uploads/2013/06/b20e8a8cd8c6f4a9397136f9af316f931.jpg
狙われた女,http://newselect.sakura.ne.jp/albatros-film.com/wp-content/uploads/2013/06/2ee4de04291e8ebb4741af795deb05ce1.jpg
耳をかく女,http://newselect.sakura.ne.jp/albatros-film.com/wp-content/uploads/2013/06/deee460a20b5ad712a74aefa26d591141.jpg
BOUND9　バウンド9,http://www.albatros-film.com/wp-content/uploads/2013/06/c7ab1a73a03f4190d111032ee23603361.jpg
星の旅人たち,http://newselect.sakura.ne.jp/albatros-film.com/wp-content/uploads/2013/06/0ce41ed0d31214e86caa8e2e86982b1c1.jpg
フライペーパー！　史上最低の銀行強盗,http://newselect.sakura.ne.jp/albatros-film.com/wp-content/uploads/2013/06/147b929787c98482b749ed44f4ebf3471.jpg
スリーピング タイト　白肌の美女の異常な夜,http://newselect.sakura.ne.jp/albatros-film.com/wp-content/uploads/2013/06/42d80df09289f1c47ba9452e6d094b931.jpg
ナチス・イン・センター・オブ・ジ・アース,http://newselect.sakura.ne.jp/albatros-film.com/wp-content/uploads/2013/06/654766ae67fe0ac7593e72dacf3e78ca1.jpg
グランド・クロス　シード・オブ・ディストラクション,http://newselect.sakura.ne.jp/albatros-film.com/wp-content/uploads/2013/06/55cd7b203a467bc554443ce9515dbbcb1.jpg
E.V.P．エレクトリック・ボイス・フェノミナン,http://newselect.sakura.ne.jp/albatros-film.com/wp-content/uploads/2013/06/7ba339d42c291b9e0003319ebef53e641.jpg
ナチス女収容所,http://newselect.sakura.ne.jp/albatros-film.com/wp-content/uploads/2013/06/703da51983a9284532f3463e0082c5831.jpg
ピンキー・デリバリー・ギャルズ,http://newselect.sakura.ne.jp/albatros-film.com/wp-content/uploads/2013/06/bec1b70b757b2b1472e8ad64548438821.jpg
溺愛　できあい,http://newselect.sakura.ne.jp/albatros-film.com/wp-content/uploads/2012/11/32eb70a1797b6549d0ae2c970db61b091.jpg
WEEKEND　ウィークエンド,http://newselect.sakura.ne.jp/albatros-film.com/wp-content/uploads/2013/06/3d789822c1eaf14dbf0570a187428c2a1.jpg
エイリアン・オリジン,http://www.albatros-film.com/wp-content/uploads/2013/06/429c6b9d9cead4ae23f11b0340372d851.jpg
グレイヴ・エンカウンターズ,http://newselect.sakura.ne.jp/albatros-film.com/wp-content/uploads/2012/10/1s1.jpg
エアポート2012,http://newselect.sakura.ne.jp/albatros-film.com/wp-content/uploads/2013/06/airport2012_dvd_jk1.jpg
ゾンビ・バスターズ,http://newselect.sakura.ne.jp/albatros-film.com/wp-content/uploads/2013/06/ebbe1346ba48d2161c8b5baba4a963701.jpg
トレジャー・トランスポーター,http://newselect.sakura.ne.jp/albatros-film.com/wp-content/uploads/2013/06/cf6925830bec00f86933cfd59ee2b1701.jpg
コマンド・フォース,http://newselect.sakura.ne.jp/albatros-film.com/wp-content/uploads/2013/06/6cbe56e986493ff89ac9a14425f62b2d1.jpg
モンスター・ナイト,http://newselect.sakura.ne.jp/albatros-film.com/wp-content/uploads/2013/06/monsternight_jk1.jpg
サンパウロ、世界で最も有名な娼婦,http://newselect.sakura.ne.jp/albatros-film.com/wp-content/uploads/2013/06/c2c97d1cffddd8fb9bd6fce5b999c5781.jpg
アンナ先生の調教学園,http://newselect.sakura.ne.jp/albatros-film.com/wp-content/uploads/2013/06/fae4636d2eb7e0bd9b88e90b157d7c951.jpg
ＯＬたちのマル秘性白書,http://newselect.sakura.ne.jp/albatros-film.com/wp-content/uploads/2013/06/93e9bafbaf8b1e5d8f2ca029b48af3b51.jpg
リミット[75min],http://www.albatros-film.com/wp-content/uploads/2013/06/e1eb10f144e56052156c65f1bcd589371.jpg
HELL,http://newselect.sakura.ne.jp/albatros-film.com/wp-content/uploads/2013/06/hell_dvd_jk1.jpg
Ｌ．Ａ．ブラックアウト,http://newselect.sakura.ne.jp/albatros-film.com/wp-content/uploads/2013/06/25322d819251a03557183f26340882181.jpg
アルマゲドン2012　マーキュリー・クライシス,http://newselect.sakura.ne.jp/albatros-film.com/wp-content/uploads/2013/06/3655b665738664e1578256c7eca09dab1.jpg
ランナーゲーム,http://newselect.sakura.ne.jp/albatros-film.com/wp-content/uploads/2013/06/4bef6f42b3dc3c476c1093e8fe7db2921.jpg
ビッグフット・ハンター,http://newselect.sakura.ne.jp/albatros-film.com/wp-content/uploads/2013/06/aed428afab58dd4d9920445307f32cb01.jpg
ギャラクシー・エンジェルズ,http://newselect.sakura.ne.jp/albatros-film.com/wp-content/uploads/2013/06/glxy_jkt1.jpg
インプリズン～監禁～,http://newselect.sakura.ne.jp/albatros-film.com/wp-content/uploads/2013/06/a960889840d0152f6dc36c9d1e8eb3e71.jpg
ＡＶ女優,http://newselect.sakura.ne.jp/albatros-film.com/wp-content/uploads/2013/06/fc158800529849697164a080b460fed01.jpg
電車の見えるホテル-阪急阪神第一ホテルグループ編-,http://newselect.sakura.ne.jp/albatros-film.com/wp-content/uploads/2013/06/8840deecfbcc704a77ce59b59057927a1.jpg
ハッピーレシピⅢ　男子！チューボーに入ります！,http://www.albatros-film.com/wp-content/uploads/2012/09/2753b308d99d70de4d579e03ab62c37e1.jpg
ミッシング６６,http://newselect.sakura.ne.jp/albatros-film.com/wp-content/uploads/2013/06/af07fb0673d5cee8ae65d33c93af6cd91.jpg
フライト8714,http://www.albatros-film.com/wp-content/uploads/2013/06/7c509c05aa38c59a6c2a3d0f602303be1.jpg
最高の人生をあなたと,http://newselect.sakura.ne.jp/albatros-film.com/wp-content/uploads/2013/06/414780e386d464848ec47741e15867961.jpg
スティーヴ・オースティン　ザ・ダメージ,http://newselect.sakura.ne.jp/albatros-film.com/wp-content/uploads/2013/06/damage_dvd_jk1.jpg
バトル・オブ・パシフィック,http://newselect.sakura.ne.jp/albatros-film.com/wp-content/uploads/2013/06/4c770f9ede71e5d6e1b328e814f743431.jpg
パラノーマル・エンティティ４,http://newselect.sakura.ne.jp/albatros-film.com/wp-content/uploads/2013/06/paranormal4_jk1.jpg
オープンウォーター・サバイバル,http://newselect.sakura.ne.jp/albatros-film.com/wp-content/uploads/2013/06/932bb068a67f4bef3e2f562af8b401131.jpg
NITRO ニトロ,http://newselect.sakura.ne.jp/albatros-film.com/wp-content/uploads/2013/06/bdbb3832df2d6352ef06103ef444e7941.jpg
バットガールズ＆ロビーナ　ゴサードナイト,http://newselect.sakura.ne.jp/albatros-film.com/wp-content/uploads/2013/06/89649ab529aa4ca129cb3dcf701c395e1.jpg
プライベート・レッスン　青い誘惑,http://newselect.sakura.ne.jp/albatros-film.com/wp-content/uploads/2013/06/ae7c8da5436ddd70310f6359529d9ba51.jpg
まだ人間,http://newselect.sakura.ne.jp/albatros-film.com/wp-content/uploads/2013/06/ccf4c17eb87956d84feac197b489bd091.jpg
ハッピーレシピⅡ　男子！チューボーに入ります！,http://www.albatros-film.com/wp-content/uploads/2012/08/146928739788b924fb59bbcdb6abe9f31.jpg
戦慄怪奇ファイル　コワすぎ！ FILE-02 震える幽霊,http://newselect.sakura.ne.jp/albatros-film.com/wp-content/uploads/2013/06/5b5b490a9b3f442f9529e32d1a86bd1d1.jpg
エクスタシースペシャル　制服狩り,http://newselect.sakura.ne.jp/albatros-film.com/wp-content/uploads/2013/06/f64c95a6ccfe7c2de6640788917e399a1.jpg
アドベンチャー・オブ・スノーホワイト,http://www.albatros-film.com/wp-content/uploads/2013/06/894ac8092c4315194b11226a1678a6a11.jpg
発情アニマル　アイ・スピット・オン・ユア・グレイブ1978,http://newselect.sakura.ne.jp/albatros-film.com/wp-content/uploads/2013/06/3db67b2efce2b8387e0ebd3806b40d151.jpg
トゥルースorデア　密室デスゲーム,http://newselect.sakura.ne.jp/albatros-film.com/wp-content/uploads/2013/06/truth_dvd_jk_naoshi1.jpg
ダブルヘッド・ジョーズ,http://newselect.sakura.ne.jp/albatros-film.com/wp-content/uploads/2013/06/wh_jaws_dvd_jk1.jpg
スノウマゲドン,http://newselect.sakura.ne.jp/albatros-film.com/wp-content/uploads/2013/06/58a2b4deab01cba183216cc22c188aef1.jpg
ザ・レイプ　リベンジ,http://newselect.sakura.ne.jp/albatros-film.com/wp-content/uploads/2012/07/trpr11.jpg
ex エックス,http://newselect.sakura.ne.jp/albatros-film.com/wp-content/uploads/2013/06/dfd4a6a48befcd5fb0169ed436ecdeb81.jpg
ハードコア・ハロウィン,http://newselect.sakura.ne.jp/albatros-film.com/wp-content/uploads/2013/06/hlwn_JKT1.jpg
ショーガール！,http://newselect.sakura.ne.jp/albatros-film.com/wp-content/uploads/2013/06/d2dd8690e3a3485620f63ab6f109e1f21.jpg
秘蜜ゲーム,http://newselect.sakura.ne.jp/albatros-film.com/wp-content/uploads/2013/06/2299fe705ff5942e1b1fb69256e2523c1.jpg
戦慄怪奇ファイル　コワすぎ！　FILE-01　口裂け女捕獲作戦,http://newselect.sakura.ne.jp/albatros-film.com/wp-content/uploads/2013/06/kowasugi_1_dvd_jk1.jpg
監禁飼育スペシャル　鎖された扉,http://newselect.sakura.ne.jp/albatros-film.com/wp-content/uploads/2013/06/0aaf9e6511decfaa244c119f7659e7831.jpg
ドラゴン・クルセイダーズ,http://www.albatros-film.com/wp-content/uploads/2013/06/5b24b751adf0317154f170fcb895d14e1.jpg
ザ・レッジ-12時の死刑台-,http://newselect.sakura.ne.jp/albatros-film.com/wp-content/uploads/2013/06/theledge_jk1.jpg
トレジャー・アイランド,http://newselect.sakura.ne.jp/albatros-film.com/wp-content/uploads/2013/06/tresure_epi1_jk1.jpg
トータル・ディザスター,http://newselect.sakura.ne.jp/albatros-film.com/wp-content/uploads/2013/06/1b0d099cde98485dad773ae6f69cb9ad1.jpg
ゾンビ・クロニクル２,http://newselect.sakura.ne.jp/albatros-film.com/wp-content/uploads/2013/06/89d5d205e6d45cfaf5dbd56315fbc1bb1.jpg
クロストロフォビア〔閉所恐怖症〕,http://newselect.sakura.ne.jp/albatros-film.com/wp-content/uploads/2013/06/36319c05d3d3210bbe6dca03c898a4ac1.jpg
聖プリティ学園,http://newselect.sakura.ne.jp/albatros-film.com/wp-content/uploads/2013/06/ac517420ac017df68e20ca17a11548201.jpg
のぞき部屋,http://newselect.sakura.ne.jp/albatros-film.com/wp-content/uploads/2013/06/840b884e49819e390d7eacc7035a06b91.jpg
モトカノ,http://newselect.sakura.ne.jp/albatros-film.com/wp-content/uploads/2013/06/a5129a27d987a57d925b9a4cb073cabc1.jpg
エクスタシー・スペシャル　新任女教師５,http://newselect.sakura.ne.jp/albatros-film.com/wp-content/uploads/2013/06/e5c7c84141a91323eba624994ff951271.jpg
ミッシング・テープ,http://www.albatros-film.com/wp-content/uploads/2013/06/681d9e667f617ae58bb6f1bc4edb451d1.jpg
灼熱の魂,http://newselect.sakura.ne.jp/albatros-film.com/wp-content/uploads/2013/06/cab81d43065bd8957c00346ec4bddcc71.jpg
ＨＵＮＴＥＲＳ　ハンターズ,http://newselect.sakura.ne.jp/albatros-film.com/wp-content/uploads/2013/06/b74c75401c7cccb5222148d3745001b21.jpg
パレスチナ,http://newselect.sakura.ne.jp/albatros-film.com/wp-content/uploads/2013/06/4bb91f8cfdb3a3e4434da1399997c58e1.jpg
デビルズ・ロック　ナチス極秘実験,http://newselect.sakura.ne.jp/albatros-film.com/wp-content/uploads/2013/06/devil_dvd_jk_tate1.jpg
オズの魔法使い,http://newselect.sakura.ne.jp/albatros-film.com/wp-content/uploads/2013/06/259fb2ad439665a26a290d01c6875b571.jpg
ミッション・トゥ・アビス,http://newselect.sakura.ne.jp/albatros-film.com/wp-content/uploads/2013/06/7fede882a0e8d9350bf13fb8864695e61.jpg
ファイヤーレディＧＯ！ＧＯ！,http://newselect.sakura.ne.jp/albatros-film.com/wp-content/uploads/2013/06/flgo_0131_jkt1.jpg
秘書課マル秘レポート,http://newselect.sakura.ne.jp/albatros-film.com/wp-content/uploads/2013/06/6fdfb87e45edbbbbd1a449f745b0a82a1.jpg
官能料理人,http://newselect.sakura.ne.jp/albatros-film.com/wp-content/uploads/2013/06/676c4b3571c8a565bdf6e82f35c7a17e1.jpg
本当の犯罪現場を撮ってしまった,http://newselect.sakura.ne.jp/albatros-film.com/wp-content/uploads/2013/06/986054e7382282c28b830f89c50d994e1.jpg
シークレット・オブ・ザ・アーク,http://www.albatros-film.com/wp-content/uploads/2013/06/34bb52ca65966a84c416499a1841c3791.jpg
幸せパズル,http://newselect.sakura.ne.jp/albatros-film.com/wp-content/uploads/2013/06/46c3fefee91642fe5150ef6ce51034bb1.jpg
バンバンクラブ　真実の戦場,http://newselect.sakura.ne.jp/albatros-film.com/wp-content/uploads/2013/06/311901aa67ded3597eba821997d5eb131.jpg
GUN［ガン］,http://newselect.sakura.ne.jp/albatros-film.com/wp-content/uploads/2013/06/gung11.jpg
ネバーランド,http://newselect.sakura.ne.jp/albatros-film.com/wp-content/uploads/2013/06/91b643c0720c71596911348f21d02b511.jpg
リトリート・アイランド,http://newselect.sakura.ne.jp/albatros-film.com/wp-content/uploads/2013/06/f251c87abcf7ca7e02bb29042aeff7ad1.jpg
地球が燃え尽きる日,http://newselect.sakura.ne.jp/albatros-film.com/wp-content/uploads/2013/06/4d5f0bea56ed31ba5b4c388634aaee961.jpg
デンジャラス・フライト,http://newselect.sakura.ne.jp/albatros-film.com/wp-content/uploads/2013/06/dangerous_JK1.jpg
ゴシップ！,http://newselect.sakura.ne.jp/albatros-film.com/wp-content/uploads/2013/06/d159bff7818b70f1f19b763416f480591.jpg
マン・ハンティング　リザレクション,http://newselect.sakura.ne.jp/albatros-film.com/wp-content/uploads/2013/06/25a1067dcc4c4813dc5704bcd37a52a51.jpg
幻界エロス教典　酒呑童子,http://newselect.sakura.ne.jp/albatros-film.com/wp-content/uploads/2013/06/shuten_h1_sell1.jpg
リバイブ　－死者蘇生－,http://www.albatros-film.com/wp-content/uploads/2013/06/4e700aecb112b4e24227ac96a1b3fa731.jpg
デスティニー　未来を知ってしまった男,http://newselect.sakura.ne.jp/albatros-film.com/wp-content/uploads/2013/06/0a9f9e94aa9b0c7390e652f155c2f7781.jpg
新・三銃士　ニュー・ジェネレーションズ,http://newselect.sakura.ne.jp/albatros-film.com/wp-content/uploads/2013/06/sanjushi_jk11.jpg
UNCHAINED　アンチェインド,http://newselect.sakura.ne.jp/albatros-film.com/wp-content/uploads/2013/06/unchained_h11.jpg
ウィッチ＆ワイフ　奥様の秘密のお部屋,http://newselect.sakura.ne.jp/albatros-film.com/wp-content/uploads/2013/06/f5a97210afff37ae2d7c86085f533f641.jpg
覗かれた女,http://newselect.sakura.ne.jp/albatros-film.com/wp-content/uploads/2013/06/27718e485868c6818cfda84ef9dac5371.jpg
不倫時代,http://newselect.sakura.ne.jp/albatros-film.com/wp-content/uploads/2013/06/54db9e80af50c86fca11e488b51b1efc21.jpg
レイプゾンビ　LUST OF THE DEAD,http://www.albatros-film.com/wp-content/uploads/2012/03/s1.jpg
幻界エロス教典　竹取物語　Moon Princess,http://newselect.sakura.ne.jp/albatros-film.com/wp-content/uploads/2013/06/31480e6e8f19f1fc8ca96824418d3ebc1.jpg
SOLDIER ソルジャー,http://www.albatros-film.com/wp-content/uploads/2013/06/9fcb79295d7ed1f6496adfac187be02c1.jpg
5デイズ,http://newselect.sakura.ne.jp/albatros-film.com/wp-content/uploads/2013/06/1s1.jpg
ゾンビ・クロニクル,http://newselect.sakura.ne.jp/albatros-film.com/wp-content/uploads/2013/06/8e46ed36aeb321b36c8fa867e2252aa41.jpg
ラストデイズ・オブ・ザ・ワールド,http://newselect.sakura.ne.jp/albatros-film.com/wp-content/uploads/2013/06/1941404e07792feeebfae80d377ac5611.jpg
ビキニガール・キラー,http://newselect.sakura.ne.jp/albatros-film.com/wp-content/uploads/2013/06/c3ac6f9eab74ff71d109748d84c9de961.jpg
ザ・レイプ 凌辱,http://newselect.sakura.ne.jp/albatros-film.com/wp-content/uploads/2013/06/a991378064cbd220d9aeed31b64c77ab1.jpg
タイムスリップ・ストリップ,http://newselect.sakura.ne.jp/albatros-film.com/wp-content/uploads/2013/06/timeslip_jkt-mini11.jpg
不倫連続殺人事件,http://newselect.sakura.ne.jp/albatros-film.com/wp-content/uploads/2013/06/412b03a3b8eb43b5fd07b3094e9545d01.jpg
TOKYOスピーシーズ,http://newselect.sakura.ne.jp/albatros-film.com/wp-content/uploads/2013/06/5e2f0833255cc8b1cdeac6edcd3610e11.jpg
幻界エロス教典　蜘蛛の糸,http://newselect.sakura.ne.jp/albatros-film.com/wp-content/uploads/2013/06/kumo_r_jkh11.jpg
24時間,http://www.albatros-film.com/wp-content/uploads/2013/06/95ca96328febc56597d2b126787557821.jpg
スティーヴ・オースティン　S.W.A.T,http://newselect.sakura.ne.jp/albatros-film.com/wp-content/uploads/2013/06/swat_dvd_jk1.jpg
サイレント・ワールド2012,http://newselect.sakura.ne.jp/albatros-film.com/wp-content/uploads/2013/06/ff64f1ae6267bf47c22dc8f0d7ad97e81.jpg
ファイナル・デッドスクール,http://newselect.sakura.ne.jp/albatros-film.com/wp-content/uploads/2013/06/fds_dvd_jk1.jpg
シャーク・アタック!!,http://newselect.sakura.ne.jp/albatros-film.com/wp-content/uploads/2013/06/2904a42cbac21edca6b665dbce248eb01.jpg
エンジェル・ファイター,http://newselect.sakura.ne.jp/albatros-film.com/wp-content/uploads/2013/06/agft_1003_finish_jk11.jpg
ホテル・エロチカ,http://newselect.sakura.ne.jp/albatros-film.com/wp-content/uploads/2013/06/1b2c867f579f1e3b6856737cd486356a1.jpg
淫罪　いんざい,http://newselect.sakura.ne.jp/albatros-film.com/wp-content/uploads/2012/01/ecdf60d0648055781d434a256281c30821.jpg
猛毒Ｙ談　人喰い秘宝館,http://newselect.sakura.ne.jp/albatros-film.com/wp-content/uploads/2013/06/0927_R_hiho_-jk_h1mini1.jpg
パラフィリア,http://www.albatros-film.com/wp-content/uploads/2013/06/d127e6938dd896a2c9cb71e865eceacd1.jpg
スパイママ,http://www.albatros-film.com/wp-content/uploads/2013/06/6d961df5e5bdfea3eff5c74b0c9156421.jpg
黄色い星の子供たち,http://newselect.sakura.ne.jp/albatros-film.com/wp-content/uploads/2013/06/49eda6972cdef5a397915b7ca30b25b61.jpg
メタル・トルネード,http://newselect.sakura.ne.jp/albatros-film.com/wp-content/uploads/2013/06/b463bb9cfe52d066265f0647cfaeec0d1.jpg
ナイトメア・オブ・サンタクロース,http://newselect.sakura.ne.jp/albatros-film.com/wp-content/uploads/2013/06/santa_dvd_jk1.jpg
生贄の館,http://newselect.sakura.ne.jp/albatros-film.com/wp-content/uploads/2013/06/ecb59e2ff56d1a8672ff443037cddf581.jpg
「チャタレイ夫人の恋人」を読む夫人,http://newselect.sakura.ne.jp/albatros-film.com/wp-content/uploads/2013/06/Chatterley_jkt1.jpg
毒蜘蛛女,http://newselect.sakura.ne.jp/albatros-film.com/wp-content/uploads/2013/06/a3bf6b38b85c0ce0bc994984db19e2b61.jpg
姦通　かんつう,http://newselect.sakura.ne.jp/albatros-film.com/wp-content/uploads/2013/06/6d75b400cd827b2ccf236d48a5cb97321.jpg
猛毒Ｙ談　吸血！女王蜂!!,http://newselect.sakura.ne.jp/albatros-film.com/wp-content/uploads/2013/06/67e523a4c988a9632d1285086165d9521.jpg
ＤＡＺＺＬＥ「Ｒｅ：ｄ」,http://newselect.sakura.ne.jp/albatros-film.com/wp-content/uploads/2013/06/ecb3bbb9138d5f63113b8b114e55f3651.jpg
ダークワールド,http://www.albatros-film.com/wp-content/uploads/2013/06/568881aaf7f007972279772ee79cfd991.jpg
クレイジーワールド,http://www.albatros-film.com/wp-content/uploads/2013/06/0d497d7ff175878e8f206d4caa3af7a61.jpg
小さな泥棒,http://newselect.sakura.ne.jp/albatros-film.com/wp-content/uploads/2013/06/05c3d3a9a56cd728ee84e18374faaf001.jpg
THOR　ソー　生命の木とアスガルドの神々,http://newselect.sakura.ne.jp/albatros-film.com/wp-content/uploads/2013/06/thor_dvd_jk1.jpg
アイス・クエイク,http://newselect.sakura.ne.jp/albatros-film.com/wp-content/uploads/2013/06/f76b863fceb3203178841b400edcb84a1.jpg
パラノーマル・エンティティ３　エクソシズム・テープ,http://newselect.sakura.ne.jp/albatros-film.com/wp-content/uploads/2013/06/paranormal3_jk1.jpg
ボディスピード　フルスロットル,http://newselect.sakura.ne.jp/albatros-film.com/wp-content/uploads/2013/06/737cc96a58d09c8c5293566dedd2d1db1.jpg
こわれてゆく人妻たち,http://newselect.sakura.ne.jp/albatros-film.com/wp-content/uploads/2013/06/f591342a903c9b49e13ac4874baf23e11.jpg
中学教師,http://newselect.sakura.ne.jp/albatros-film.com/wp-content/uploads/2013/06/b596d23119fba297fbe10cc2c1d8ce3a1.jpg
終わらない青,http://newselect.sakura.ne.jp/albatros-film.com/wp-content/uploads/2013/06/110804_blue_dvd_h1_fin1.jpg
ハッピーレシピ！～美男たちの昼下がり～,http://newselect.sakura.ne.jp/albatros-film.com/wp-content/uploads/2013/06/feffcc5bfae18a9553c7a11072af0dd41.jpg
脱衣麻雀バトルロワイアル,http://newselect.sakura.ne.jp/albatros-film.com/wp-content/uploads/2013/06/441491208abf342f03fba74e312a84171.jpg
猛毒Ｙ談　海女テラス大神,http://newselect.sakura.ne.jp/albatros-film.com/wp-content/uploads/2013/06/S_ama_JK_1.jpg
MOTHERS　マザーズ,http://www.albatros-film.com/wp-content/uploads/2013/06/b146c44c618b28b3e5013c8cf5f935a91.jpg
ストリート・レーサー　MEGAMAX,http://www.albatros-film.com/wp-content/uploads/2013/06/6d0acf4db3cde4f205883a11f1ae68ee1.jpg
ナンネル・モーツァルト　哀しみの旅路,http://newselect.sakura.ne.jp/albatros-film.com/wp-content/uploads/2013/06/b943d4db464e5088d9729793e4fda2e911.jpg
アイ・スピット・オン・ユア・グレイヴ,http://newselect.sakura.ne.jp/albatros-film.com/wp-content/uploads/2013/06/2d5a4c51a8deb8ee36ea382e9262bf481.jpg
クリム・ヘムズワース　ＣＡ＄Ｈ,http://newselect.sakura.ne.jp/albatros-film.com/wp-content/uploads/2013/06/cash_dvd_jk1.jpg
メガ・パイソンvsギガント・ゲイター,http://newselect.sakura.ne.jp/albatros-film.com/wp-content/uploads/2013/06/megapython_jk1.jpg
秘蜜の国のマリス,http://newselect.sakura.ne.jp/albatros-film.com/wp-content/uploads/2013/06/33445c0c056e2219f1b34ae873d2d40c1.jpg
飼われる女,http://newselect.sakura.ne.jp/albatros-film.com/wp-content/uploads/2013/06/d4d594c9a9bca309655feef063645a391.jpg
催淫　さいいん,http://newselect.sakura.ne.jp/albatros-film.com/wp-content/uploads/2013/06/381ef44d3126e8b72b61709167692d891.jpg
ミッシング５５　ファイナル・ブレイク,http://newselect.sakura.ne.jp/albatros-film.com/wp-content/uploads/2013/06/d0b3b87b80ec7b3dc135082239d5382111.jpg
羅生門　鬼畜のまぐわい,http://newselect.sakura.ne.jp/albatros-film.com/wp-content/uploads/2013/06/accca1bab3855564412dea07167835461.jpg
エンジェル・アポカリプス,http://www.albatros-film.com/wp-content/uploads/2013/06/234f06b1c5443dd53a7d534cedb5076e1.jpg
ターミネーター・ソルジャー,http://www.albatros-film.com/wp-content/uploads/2013/06/62fbbbaff965c8b1f216f87b6df8c3f71.jpg
サラエボ、希望の街角,http://newselect.sakura.ne.jp/albatros-film.com/wp-content/uploads/2013/06/248dfc7f0a8049352d949a835ea8c8a11.jpg
スティーヴ・オースティン　ザ・ハンティング,http://newselect.sakura.ne.jp/albatros-film.com/wp-content/uploads/2013/06/hunting_jk1.jpg
グランド・クロス　ドゥームズデイ・プロフェシー,http://newselect.sakura.ne.jp/albatros-film.com/wp-content/uploads/2013/06/e4046ff5350193af3c34d8d3fe8edadf1.jpg
グラディエーター・キングダム,http://newselect.sakura.ne.jp/albatros-film.com/wp-content/uploads/2013/06/0909b9c5e58c2d04005bb67af42a5e441.jpg
監禁愛,http://newselect.sakura.ne.jp/albatros-film.com/wp-content/uploads/2013/06/4cd1a235224add22c30fdb81051b17a91.jpg
ダブルレディ・ミッション,http://newselect.sakura.ne.jp/albatros-film.com/wp-content/uploads/2013/06/dlm_JKTmini1.jpg
あるＯＬの秘密の夜,http://newselect.sakura.ne.jp/albatros-film.com/wp-content/uploads/2013/06/e005e9b96f8ec78b51d3dc5672a000071.jpg
夜光虫,http://newselect.sakura.ne.jp/albatros-film.com/wp-content/uploads/2013/06/6fefc945083a06835d7dfe1e03b9977b1.jpg
ミッシング５５,http://newselect.sakura.ne.jp/albatros-film.com/wp-content/uploads/2013/06/4dce01547a99c5ab07304861ea42ee6d1.jpg
耳なし芳一　怨霊姫,http://newselect.sakura.ne.jp/albatros-film.com/wp-content/uploads/2013/06/28b98af811888537b9a02d552a87af341.jpg
アルティメット・プレデター,http://www.albatros-film.com/wp-content/uploads/2013/06/48cc7fb2d7aad206180dbbc82dff67b11.jpg
雨月物語　若妻の祟り,http://newselect.sakura.ne.jp/albatros-film.com/wp-content/uploads/2013/06/a9341170e81ec372851bac339cf1f9c31.jpg
秘事　ひめごと,http://newselect.sakura.ne.jp/albatros-film.com/wp-content/uploads/2013/06/4ac23250ed1368a29c892093534e09ca1.jpg
ネ申アイドル総選挙バトル,http://newselect.sakura.ne.jp/albatros-film.com/wp-content/uploads/2013/06/73689530fab89fd9fbd56e0e322f73e01.jpg
オープン・ウォーター　第3の恐怖,http://newselect.sakura.ne.jp/albatros-film.com/wp-content/uploads/2011/06/6f205196b072fb68af977a4f45d42e041.jpg
社長秘書Ｍの告白,http://newselect.sakura.ne.jp/albatros-film.com/wp-content/uploads/2011/08/930607bd194eb0d2ccfa39a7f5ca9f8b1.jpg
JIGSAW　ソリッド・ゲーム,http://newselect.sakura.ne.jp/albatros-film.com/wp-content/uploads/2013/06/7d48c8bd6512e86abe102cb201a312b71.jpg
ゴルゴダの謎を追え！,http://newselect.sakura.ne.jp/albatros-film.com/wp-content/uploads/2013/06/b13d3ec2f3101d06c13d6ccb039f305d1.jpg
小悪魔フェアリー,http://newselect.sakura.ne.jp/albatros-film.com/wp-content/uploads/2013/06/fairly_JKT-mini1.jpg
ゾンビハーレム,http://newselect.sakura.ne.jp/albatros-film.com/wp-content/uploads/2013/06/zombiehalem_jk1.jpg
エアポート1978　運命の決断,http://newselect.sakura.ne.jp/albatros-film.com/wp-content/uploads/2013/06/airport1978_dvd_jk1.jpg
メタル・トランスフォーム,http://www.albatros-film.com/wp-content/uploads/2013/06/d7aaa4c67fda54008d887e65bab277031.jpg
マン・ハンティング　リデンプション,http://newselect.sakura.ne.jp/albatros-film.com/wp-content/uploads/2013/06/dc84360d465a2e591ab1c31052fd2e431.jpg
バトル・オブ・ロサンゼルス,http://newselect.sakura.ne.jp/albatros-film.com/wp-content/uploads/2013/06/fa6ece6bada40ef15fb98b429dc744ff11.jpg
不倫曼荼羅,http://newselect.sakura.ne.jp/albatros-film.com/wp-content/uploads/2013/06/444615523bfbfa53469e1176f1a2ae741.jpg
レイプ・コレクター,http://newselect.sakura.ne.jp/albatros-film.com/wp-content/uploads/2013/06/dadd40a60cfdf81bf587a5782b3643681.jpg
レジェンド・オブ・ロンギヌス,http://newselect.sakura.ne.jp/albatros-film.com/wp-content/uploads/2013/06/94027d55280e9d032272c46c3c10b61d1.jpg
ボディスピード,http://newselect.sakura.ne.jp/albatros-film.com/wp-content/uploads/2013/06/speed_JKT1.jpg
バッド・トリップ　100万個のエクスタシーを密輸した男,http://newselect.sakura.ne.jp/albatros-film.com/wp-content/uploads/2013/06/badtorip_jk1.jpg
戦場カメラマン　真実の証明,http://newselect.sakura.ne.jp/albatros-film.com/wp-content/uploads/2013/06/07420b44d96e9e79df7805b977fdd15c1.jpg
HUNGER ハンガー,http://www.albatros-film.com/wp-content/uploads/2013/06/9371544ddb155226f1c3f55abcca24f81.jpg
アフガン,http://newselect.sakura.ne.jp/albatros-film.com/wp-content/uploads/2013/06/f1b20781a0b0dab8d41d2085dbc6f9881.jpg
ＴＨＥ　背徳ホテル,http://newselect.sakura.ne.jp/albatros-film.com/wp-content/uploads/2013/06/6ff51d29a249f66776c6c943a4a9fc901.jpg
バイオレンス・トラップ,http://newselect.sakura.ne.jp/albatros-film.com/wp-content/uploads/2013/06/1b8dfcbabb9b8e959a9882f48d9f718a1.jpg
レディ・フランケン,http://newselect.sakura.ne.jp/albatros-film.com/wp-content/uploads/2013/06/7940fc39524adb1685241374e1658bb61.jpg
舞姫～ディーヴァ～,http://newselect.sakura.ne.jp/albatros-film.com/wp-content/uploads/2013/06/maihime_dvd_jk_31.jpg
メガ・シャークvsクロコザウルス,http://newselect.sakura.ne.jp/albatros-film.com/wp-content/uploads/2013/06/megashark2_dvd_jk1.jpg
アンストッパブル・ハイウェイ,http://www.albatros-film.com/wp-content/uploads/2013/06/b98f8d8fc5ac7b477582c63d25758f7d1.jpg
ミッション：エクストリーム,http://www.albatros-film.com/wp-content/uploads/2013/06/726070c24dd3cffad251575f4104e1dd1.jpg
死刑ドットネット　ターン・ゼロ,http://newselect.sakura.ne.jp/albatros-film.com/wp-content/uploads/2013/06/d23bec96ffff8e0c05da33d65cfadcf91.jpg
ホスピス,http://newselect.sakura.ne.jp/albatros-film.com/wp-content/uploads/2013/06/da16eedf8d5f9c3c2d80480e5fe4f1a01.jpg
バトルフィールド・アビス,http://newselect.sakura.ne.jp/albatros-film.com/wp-content/uploads/2013/06/10e5a09568b03814f782a86482d36dc21.jpg
エクスタシー・オブ・ザ・デッド,http://newselect.sakura.ne.jp/albatros-film.com/wp-content/uploads/2013/06/dbd7a330686a0c7b770077c61896d2771.jpg
NAKED　サバイバル・フォレスト,http://newselect.sakura.ne.jp/albatros-film.com/wp-content/uploads/2013/06/cc9514672318900425334484fceedb9a1.jpg
ボディクルージング,http://newselect.sakura.ne.jp/albatros-film.com/wp-content/uploads/2013/06/e3512c7831741b8c309f01ed5969718a1.jpg
性戯王　48の奇跡,http://newselect.sakura.ne.jp/albatros-film.com/wp-content/uploads/2013/06/f5ed30618d554f47c379d714f4214ba11.jpg
人生万歳！,http://newselect.sakura.ne.jp/albatros-film.com/wp-content/uploads/2013/06/bbc5c860f5f001eef7c179a6679f87081.jpg
ザ・スナイパー,http://newselect.sakura.ne.jp/albatros-film.com/wp-content/uploads/2013/06/195ca3af7ac129943abe5e4a21f86ae91.jpg
エイリアン・プラネット,http://www.albatros-film.com/wp-content/uploads/2013/06/623473b87f0c0b73d9bbf97e5a2550141.jpg
アイドル爆弾,http://newselect.sakura.ne.jp/albatros-film.com/wp-content/uploads/2013/06/dbfc78fd55d076c953a6533ec1bc62081.jpg
モンスター・マウンテン,http://newselect.sakura.ne.jp/albatros-film.com/wp-content/uploads/2013/06/f6a1c5d2c7fe00b29573126b7c209c5c1.jpg
ザ・芸能スキャンダル,http://newselect.sakura.ne.jp/albatros-film.com/wp-content/uploads/2013/06/scandal_JK1.jpg
ザ・レイプ　欲望の報酬,http://newselect.sakura.ne.jp/albatros-film.com/wp-content/uploads/2013/06/7683e95fe78ea550edab1de76a2056a91.jpg
アンドロイド2040　レボリューションズ,http://newselect.sakura.ne.jp/albatros-film.com/wp-content/uploads/2013/06/2040re_JKT1.jpg
性処女　愛の都市伝説,http://newselect.sakura.ne.jp/albatros-film.com/wp-content/uploads/2013/06/1feff05f5d41669703b840a1c47992cd1.jpg
100歳の少年と12通の手紙,http://newselect.sakura.ne.jp/albatros-film.com/wp-content/uploads/2013/06/a25ebfa02f3134f2bead0f9331de2d2c1.jpg
タイタニック2012,http://newselect.sakura.ne.jp/albatros-film.com/wp-content/uploads/2013/06/67abbb855f30e7c543241bdc26609d7b1.jpg
アポカリプス・オブ・ザ・デッド,http://www.albatros-film.com/wp-content/uploads/2013/06/dfd2b18448e1baff2453bbfebc05fa9e1.jpg
シューター：狙撃手,http://www.albatros-film.com/wp-content/uploads/2013/06/e18ffedf377f77f1c83467351aa78c181.jpg
婚活バトルロワイアル,http://newselect.sakura.ne.jp/albatros-film.com/wp-content/uploads/2013/06/f040c55ee66780d59aec767b0550c3a11.jpg
スティーヴ・オースティン　ザ・ストレンジャー,http://newselect.sakura.ne.jp/albatros-film.com/wp-content/uploads/2013/06/5d2d0334036b8116ebe0e455bbcd6bd61.jpg
アルマゲドン2011,http://newselect.sakura.ne.jp/albatros-film.com/wp-content/uploads/2013/06/80e44ea7ce26ac2b942d602098122cdf1.jpg
JIGSAW　ザ・リアリティショー,http://newselect.sakura.ne.jp/albatros-film.com/wp-content/uploads/2013/06/e1754f9d83bee32484930804c8d75c571.jpg
ダイナクロコｖｓスーパーゲイター,http://newselect.sakura.ne.jp/albatros-film.com/wp-content/uploads/2011/03/s11.jpg
リベンジ・エンジェル,http://newselect.sakura.ne.jp/albatros-film.com/wp-content/uploads/2013/06/R_A_DVDjk1.jpg
ナイトレイジ,http://www.albatros-film.com/wp-content/uploads/2013/06/8b1e2931c1458ae1f565275432b972fd1.jpg
ファッション・ヘル,http://newselect.sakura.ne.jp/albatros-film.com/wp-content/uploads/2013/06/fa40bee319e0c8079ac13dd95d9f4dad1.jpg
クライヴ・バーカー　ドレッド［恐怖］,http://newselect.sakura.ne.jp/albatros-film.com/wp-content/uploads/2013/06/11f982084a4375868fcc91ea707bb3bd1.jpg
必殺キャバ嬢,http://newselect.sakura.ne.jp/albatros-film.com/wp-content/uploads/2013/06/c9617c8c839d81a8410fa155c25c9a811.jpg
肉屋　第2章,http://newselect.sakura.ne.jp/albatros-film.com/wp-content/uploads/2013/06/e1cfaf892cdeb0c37448ef174acb5cc11.jpg
レディ・ジョーンズ　バカチン帝国と失われた秘宝,http://newselect.sakura.ne.jp/albatros-film.com/wp-content/uploads/2013/06/d5cb2944b81b62437277faf10d4c2a2a1.jpg
パラノーマル・エンティティ2,http://newselect.sakura.ne.jp/albatros-film.com/wp-content/uploads/2013/06/5dc3b371a0f4be7b0a1e8b610682bd7d1.jpg
ドルフ・ラングレン　ザ・リベンジャー,http://newselect.sakura.ne.jp/albatros-film.com/wp-content/uploads/2013/06/3f7ef84d7b6db84171917f69a57fff3a1.jpg
サイレント・ワールド2011,http://www.albatros-film.com/wp-content/uploads/2013/06/d572cd1eea324e495031a3365326b5461.jpg
アメリカン・ソルジャーズ　真実の戦場,http://www.albatros-film.com/wp-content/uploads/2013/06/66fe1b0e4436c8cb2bdc5731a67008941.jpg
流れ星　単独ライブＤＶＤ　飛騨二人花火,http://newselect.sakura.ne.jp/albatros-film.com/wp-content/uploads/2013/06/b7f6eec440e451c61dec6a8b1ff8bb031.jpg
インキュバス　夢に犯された女,http://newselect.sakura.ne.jp/albatros-film.com/wp-content/uploads/2013/06/bfcee771e5a657daeaa6427574ea51101.jpg
アフター・クライシス,http://newselect.sakura.ne.jp/albatros-film.com/wp-content/uploads/2013/06/9ae4d149a6723c9c82af6ab92aea90af1.jpg
レバノン,http://newselect.sakura.ne.jp/albatros-film.com/wp-content/uploads/2013/06/a9ff9e3b240bae7754ebf8d5a4f254f31.jpg
あるＯＬの性生活,http://newselect.sakura.ne.jp/albatros-film.com/wp-content/uploads/2013/06/adfaf1103705b3716cb0a78a1ccd6efa1.jpg
スパイレディ・ロワイヤル,http://www.albatros-film.com/wp-content/uploads/2011/01/s11.jpg
エアポート2011,http://newselect.sakura.ne.jp/albatros-film.com/wp-content/uploads/2013/06/airport2011_jk1.jpg
処刑惑星,http://www.albatros-film.com/wp-content/uploads/2013/06/c05e9cee3e66d33f93020532ad7b0d1f1.jpg
DECORDER デコーダー[解読者],http://www.albatros-film.com/wp-content/uploads/2013/06/7a56a4d5734c4c6471524e25b18008201.jpg
サバイバル・リゾート,http://www.albatros-film.com/wp-content/uploads/2013/06/SR_JKT1.jpg
ＤＡＺＺＬＥ「ＯＮＥ」,http://newselect.sakura.ne.jp/albatros-film.com/wp-content/uploads/2013/06/213dc122bc6676fe0644b9f4f3748ac21.jpg
リトルママ・スキャンダル　DVD-BOXⅡ,http://newselect.sakura.ne.jp/albatros-film.com/wp-content/uploads/2013/06/650cb9a1a9848d3e061fe288f8efb3af1.jpg
ミッシング44　ザ・ファイナルステージ,http://newselect.sakura.ne.jp/albatros-film.com/wp-content/uploads/2013/06/6ce7f763faef7e46bd568eca3fdb87f31.jpg
セックス依存症の容疑者たち,http://newselect.sakura.ne.jp/albatros-film.com/wp-content/uploads/2013/06/f5d2b17ea09fc251098db6f0ccec3f5c1.jpg
鶏小屋,http://newselect.sakura.ne.jp/albatros-film.com/wp-content/uploads/2013/06/04b59d42506ac92bf37b4bc3221d6a6e1.jpg
ヴァンパイア・ストリッパーズ,http://newselect.sakura.ne.jp/albatros-film.com/wp-content/uploads/2013/06/V_S_DVDjk1.jpg
アガサ・クリスティー　華麗なるアリバイ,http://newselect.sakura.ne.jp/albatros-film.com/wp-content/uploads/2013/06/ceedccce8bfc6e3ac856717a67d656c11.jpg
メガ・ピラニア,http://newselect.sakura.ne.jp/albatros-film.com/wp-content/uploads/2013/06/3d92550908b847ed0b8386ab6beca5a71.jpg
ファイナルバトル・オブ・ロストアイランド,http://www.albatros-film.com/wp-content/uploads/2013/06/9c582bfa3bb12b4faa3ece72d08508861.jpg
グランド・クロス　レボリューション,http://www.albatros-film.com/wp-content/uploads/2013/06/e00b30028425d5c9ee4909b8bf69e1b61.jpg
NAKED　狂気の森,http://newselect.sakura.ne.jp/albatros-film.com/wp-content/uploads/2013/06/abeefdc027c72d08ea094751975ae8a51.jpg
ミッシング44,http://newselect.sakura.ne.jp/albatros-film.com/wp-content/uploads/2013/06/d14c7ef39c0c56c3f1d33e577be3a9021.jpg
ＶＯＬＣＡＮＯ,http://newselect.sakura.ne.jp/albatros-film.com/wp-content/uploads/2013/06/4da5ed89f8e4c3095d464142a8675a0e1.jpg
女分析医Ｒの告白,http://newselect.sakura.ne.jp/albatros-film.com/wp-content/uploads/2013/06/31552840961ac8b3497706be466e15051.jpg
メタル・ブレイド,http://newselect.sakura.ne.jp/albatros-film.com/wp-content/uploads/2013/06/2b8390fd4810953a0150f34d25b41b661.jpg
アンドロイド2040,http://newselect.sakura.ne.jp/albatros-film.com/wp-content/uploads/2013/06/2040_DVDjk1.jpg
最‘恐!?’絶叫計画,http://newselect.sakura.ne.jp/albatros-film.com/wp-content/uploads/2013/06/c3735ab0847fada745500037a4d6e5ca1.jpg
シンドバッド　7つの冒険と海神ポセイドン,http://www.albatros-film.com/wp-content/uploads/2013/06/77a89a4fbc7794bfc8c94136d16bc9461.jpg
クライヴ・バーカー　血の本,http://newselect.sakura.ne.jp/albatros-film.com/wp-content/uploads/2013/06/47e43f68bb006ad6c67f1e8bfdc6eb811.jpg
アルマゲドン2010,http://newselect.sakura.ne.jp/albatros-film.com/wp-content/uploads/2013/06/18dd1e56a92593105dd89d2814ee75b71.jpg
ザ・レイプ　獣慾,http://newselect.sakura.ne.jp/albatros-film.com/wp-content/uploads/2013/06/d7cb4dacc5c24eb5dd7216afac6f150a1.jpg
戦場の黙示録,http://newselect.sakura.ne.jp/albatros-film.com/wp-content/uploads/2013/06/0a5bd62f998ed18389c129f3b5721b381.jpg
ダイナマイト・コップ,http://newselect.sakura.ne.jp/albatros-film.com/wp-content/uploads/2013/06/3a830cb8549cd46568ba1f7bb7ff231b1.jpg
リトルママ・スキャンダル　DVD-BOXⅠ,http://www.albatros-film.com/wp-content/uploads/2013/06/61ba04a804bf570d79d3f13f48a4e0631.jpg
サイボーグ・シティ,http://www.albatros-film.com/wp-content/uploads/2013/06/ce329de08bde5d3eaffe877c9669cdb31.jpg
REAL,http://www.albatros-film.com/wp-content/uploads/2013/06/978f2cebc733b7913187d6655b9c33821.jpg
アラーム・フォー・コブラ11　シーズン9,http://www.albatros-film.com/wp-content/uploads/2013/06/afc11_s9_jk1.jpg
ホーンテッド・フライト,http://www.albatros-film.com/wp-content/uploads/2010/06/b3ebb22ab12735038c63f19f1af68b9b1.jpg
殺人動画サイト　Death Tube2,http://www.albatros-film.com/wp-content/uploads/2013/06/59ca6b47f28f348a7d63e4636c4a7b551.jpg
アイス・ツイスター,http://www.albatros-film.com/wp-content/uploads/2013/06/5e9a64a5ce41da5dc3011c444f9a04421.jpg
何も着ていない悪魔,http://www.albatros-film.com/wp-content/uploads/2013/06/9cf52cf7b2df08e3216bca419f2392c71.jpg
ＪＩＧＳＡＷ　第10ゲーム,http://www.albatros-film.com/wp-content/uploads/2013/06/3e59f408d5ad8d63134c19e91f9d93ad1.jpg
スカーレット・スパイダー,http://www.albatros-film.com/wp-content/uploads/2013/06/45bd392c46588331671acd71dd1876591.jpg
トリプル・レディ・ボディ,http://www.albatros-film.com/wp-content/uploads/2013/06/a1acf5b1ab5af3a67091ee342ec504b31.jpg
ウディ・アレンの夢と犯罪,http://www.albatros-film.com/wp-content/uploads/2013/06/74ed0d8769dc7e2e6259f5d6405ed18c1.jpg
エネミーズ・ゾーン,http://www.albatros-film.com/wp-content/uploads/2013/06/aaad4e2da54b6592fb5a366042a33beb1.jpg
スパイ・ワイフＭＡＸ,http://www.albatros-film.com/wp-content/uploads/2013/06/cf5793a7cef1d1262cbc5ae88aaa6aab1.jpg
スタローンinハリウッド・トラブル,http://www.albatros-film.com/wp-content/uploads/2013/06/5ec787e742bc797df762e958d299d4901.jpg
エアポート2010,http://www.albatros-film.com/wp-content/uploads/2013/06/94f0c8add45f353b0d40a160adb2e1aa1.jpg
電車の見えるホテル～素晴らしきトレインビュー～,http://www.albatros-film.com/wp-content/uploads/2013/06/604db9ecde95867ecff6d4744c96f3791.jpg
デューン　砂の惑星,http://www.albatros-film.com/wp-content/uploads/2013/06/5998441117b47c9cc2f9a426a465919f1.jpg
アルファ・フォース,http://www.albatros-film.com/wp-content/uploads/2013/06/195523d8b9cb64539648c19a00305d581.jpg
オーシャンズ・オデッセイ,http://www.albatros-film.com/wp-content/uploads/2013/06/24fb4048defb2ffabc7cb320f71b59cd1.jpg
不倫地獄,http://www.albatros-film.com/wp-content/uploads/2013/06/2da8ee33b6dac5efa0e89fd8cf00f21911.jpg
馬小屋,http://www.albatros-film.com/wp-content/uploads/2013/06/48af89d9d85ab1d61935f4be89c241421.jpg
デス・スピード,http://www.albatros-film.com/wp-content/uploads/2013/06/5599a1d4f4d80034f396efe0630af48c1.jpg
ファッションが教えてくれること,http://www.albatros-film.com/wp-content/uploads/2013/07/s11.jpg
Ｕ．Ｍ．Ａ．ライジング,http://www.albatros-film.com/wp-content/uploads/2013/06/8f698236243ee1e9c5c17b2552e657601.jpg
ライトニング・ストライク,http://www.albatros-film.com/wp-content/uploads/2013/06/405c6caa1a77a7827244934b6c3494071.jpg
蜘蛛女の誘惑,http://www.albatros-film.com/wp-content/uploads/2013/06/d7ffb9b3e355c6f572f55542d6e3a6691.jpg
アリス,http://www.albatros-film.com/wp-content/uploads/2013/06/0038b01968f0ea0beecfc1c69e65b78b1.jpg
堕天使Ｘ,http://www.albatros-film.com/wp-content/uploads/2013/06/3ac8ceac02885ee5da0cd2b076c6fedb1.jpg
バイオレンス・ブルー　真夏の完全犯罪,http://www.albatros-film.com/wp-content/uploads/2013/06/dd0335655ccf5657f1f663b7dff157b61.jpg
シャーロック・ホームズvsモンスター,http://www.albatros-film.com/wp-content/uploads/2013/06/b6576b5fd7f6a590a5bc9b611767ec561.jpg
恐るべきさぬきうどん-至極の名店巡礼-,http://www.albatros-film.com/wp-content/uploads/2013/06/5442b7ba36f47f413098f53420ce81851.jpg
殺人動画サイトDeathTube,http://www.albatros-film.com/wp-content/uploads/2013/06/75127079926ad2423d03a09c2de8098f1.jpg
タイムワープ,http://www.albatros-film.com/wp-content/uploads/2013/06/b16a611b3f4059bdea7c17594b9be9f11.jpg
ストームゲート,http://www.albatros-film.com/wp-content/uploads/2013/06/df947b93dd465adc85080de4258318b41.jpg
ブラッド＆セックス,http://www.albatros-film.com/wp-content/uploads/2013/06/9c4da50753acf8a55ab652048ed556e11.jpg
NAKED　凌辱の森,http://www.albatros-film.com/wp-content/uploads/2013/06/e80ae0549c55e3eac52b56ce16e3ee121.jpg
オリンポスの戦い,http://www.albatros-film.com/wp-content/uploads/2013/06/995778b013c92b99928da143e4226f2a1.jpg
Ｓ＆Ｍ　ある判事とその妻,http://www.albatros-film.com/wp-content/uploads/2013/06/SM_DVDjk1.jpg
ベジャール、そしてバレエはつづく,http://www.albatros-film.com/wp-content/uploads/2013/06/c9331b8d82097c500132c42b6138054f1.jpg
アバター・オブ・マーズ,http://www.albatros-film.com/wp-content/uploads/2013/06/avatar_jk1.jpg
カティンの森,http://www.albatros-film.com/wp-content/uploads/2013/06/acbf4d4048535d9ee48df0f6a25f5c521.jpg
パラノーマル・エンティティ,http://www.albatros-film.com/wp-content/uploads/2013/06/95fe3adec71155718a166f4f075cba891.jpg
フィアー・フロム・デプス,http://www.albatros-film.com/wp-content/uploads/2010/06/488afaf616b26c33093b902763d298291.jpg
マン・ハンティング,http://www.albatros-film.com/wp-content/uploads/2013/06/2d6347f4d39cb5bc3f557f8f9c741cd71.jpg
ソーラー・ストライク2012,http://www.albatros-film.com/wp-content/uploads/2013/06/65255f03cdeb9b027e2b443c617cf2a81.jpg
ザ・レイプ　秘密,http://www.albatros-film.com/wp-content/uploads/2013/06/174c141af94396438ed1321a58c49ca11.jpg
シーウルフ,http://www.albatros-film.com/wp-content/uploads/2013/06/4fa588955308ebe4348307e2ee651b011.jpg
スパイレディ・ポーカー,http://www.albatros-film.com/wp-content/uploads/2013/06/4462ecf13fe26932e04d1b466ab0d53f1.jpg
トレジャー・オブ・スケルトンアイランド,http://www.albatros-film.com/wp-content/uploads/2013/06/ac7f021fdd6a9707657f8c3b06b95e981.jpg
エンド・オブ・トゥモロー,http://www.albatros-film.com/wp-content/uploads/2013/06/f6b0cab5d785dfb89f88f21152fa69861.jpg
アンタッチャブル・ウーマン,http://www.albatros-film.com/wp-content/uploads/2013/06/7f35709ab6cb8dd368db9e2b5d7b4c251.jpg
JIGSAW　デッド・ゾーン,http://www.albatros-film.com/wp-content/uploads/2013/06/92639511cbca112cc418fa43a1e41adf1.jpg
セックス・クリニック,http://www.albatros-film.com/wp-content/uploads/2013/06/sex_clinic_DVDjk1.jpg
ガン＆スピリット,http://www.albatros-film.com/wp-content/uploads/2013/06/85256c3d09bd49fb92342d552d33555d1.jpg
ビクトリアのセックス日記,http://www.albatros-film.com/wp-content/uploads/2013/06/3d03ea360687c517af4f2b060de959c01.jpg
宇宙戦争ＺＥＲＯ,http://www.albatros-film.com/wp-content/uploads/2013/06/2600609b36672aafbef9346622ac5b191.jpg
沈黙の戦場,http://www.albatros-film.com/wp-content/uploads/2013/06/f039da7d620e4fdaecca87e5a93a7ad71.jpg
ニュースメーカーズ,http://www.albatros-film.com/wp-content/uploads/2013/06/6ac48e37506c7ab87be3f0dad2405b7e1.jpg
レッド・ブレイド,http://www.albatros-film.com/wp-content/uploads/2013/06/20c45e493a79fa0abc760d373e4cbb281.jpg
ボーンレジェンダリー,http://www.albatros-film.com/wp-content/uploads/2013/06/558348e46decaed2a4f95fb8a2b449591.jpg
ＳＨＯＣＫＥＲショッカー　闇の奥,http://www.albatros-film.com/wp-content/uploads/2013/06/c135f3391af34362e560175536b920381.jpg
制服人形,http://www.albatros-film.com/wp-content/uploads/2013/06/seifuku_DVDjk1.jpg
女泥棒サバイバル・ランナウェイ,http://www.albatros-film.com/wp-content/uploads/2013/06/e42b52ac4a5fbf28a192fed6445593021.jpg
ツイスター2010,http://www.albatros-film.com/wp-content/uploads/2013/06/twister2010_jk1.jpg
泉麻人のロバスの旅vol.3,http://www.albatros-film.com/wp-content/uploads/2013/06/lobus_v31.jpg
泉麻人のロバスの旅vol.2,http://www.albatros-film.com/wp-content/uploads/2013/06/lobus_v21.jpg
泉麻人のロバスの旅vol.1,http://www.albatros-film.com/wp-content/uploads/2013/06/lobus_v11.jpg
桃色スーパーモデル,http://www.albatros-film.com/wp-content/uploads/2013/06/a0754a85309d6c83ae3e447d751279ce1.jpg
スペース・インベージョン,http://www.albatros-film.com/wp-content/uploads/2013/06/3472dcdfc7a1691176c52460932864631.jpg
アメリカン・エネミーズ,http://www.albatros-film.com/wp-content/uploads/2013/06/9a916369ea3fa8937ca54745b5a6eee01.jpg
ディープ・コア2010,http://www.albatros-film.com/wp-content/uploads/2013/06/e730fec62a1d99a119d3241d5d7bcdc41.jpg
メガ・パイソン,http://www.albatros-film.com/wp-content/uploads/2013/06/2b7f40ee233e7d6da46bb29d62e4f0cf1.jpg
豚小屋,http://www.albatros-film.com/wp-content/uploads/2013/06/e00d6ddfc9abbd2e21285161424f123f1.jpg
密林ガール2,http://www.albatros-film.com/wp-content/uploads/2013/06/mituringirl2_DVDjk1.jpg
女子高生ミステリー・ナイト,http://www.albatros-film.com/wp-content/uploads/2013/06/dcc3626c48f6d3b3f32de0516bda20c41.jpg
ファイアー・ボール,http://www.albatros-film.com/wp-content/uploads/2013/06/01cd48645baa930fc95e5374d795516e1.jpg
前人未湯vol.6,http://www.albatros-film.com/wp-content/uploads/2013/06/0c43f37c55dadc9973f9f2006deb49821.jpg
前人未湯vol.5,http://www.albatros-film.com/wp-content/uploads/2013/06/225d1523ec74c0ae9565bfc60bdaad4b1.jpg
前人未湯vol.4,http://www.albatros-film.com/wp-content/uploads/2013/06/f8f714f26977a5e5d8027cb181b99a311.jpg
クッキング・ショー,http://www.albatros-film.com/wp-content/uploads/2013/06/NEXD-0520-cookingshow_jk1.jpg
U.M.A2010,http://www.albatros-film.com/wp-content/uploads/2013/06/NEXD-0510-uma_jk1.jpg
ミッション：アルティメット,http://www.albatros-film.com/wp-content/uploads/2013/06/aa402ebd50675f6de793338598d123bd1.jpg
アメイジング・ワールド　勇士の帰還,http://www.albatros-film.com/wp-content/uploads/2013/06/9a0da8db3ade7c08be972b33edd378c31.jpg
滅亡の黙示録,http://www.albatros-film.com/wp-content/uploads/2013/06/c3a694c7056cfaa40b384689a8e9a5a71.jpg
NAKED　ハンター・キラー,http://www.albatros-film.com/wp-content/uploads/2013/06/09f6e17f923d355a937cae01238f8dc51.jpg
プリズン・エンジェルズ,http://www.albatros-film.com/wp-content/uploads/2013/06/prison_angels_DVDjk1.jpg
クララ・シューマン　愛の協奏曲,http://www.albatros-film.com/wp-content/uploads/2013/06/b244dd554ab11c650f927a9ea7813bfd1.jpg
ＤＡＺＺＬＥ「花ト囮」,http://www.albatros-film.com/wp-content/uploads/2013/06/a6cdc983241d6adff4b578a3eee2342d1.jpg
パカパカ行進曲,http://www.albatros-film.com/wp-content/uploads/2013/06/65a568982fb7eef503ecfdb473cf53401.jpg
桃色カンタービレ,http://www.albatros-film.com/wp-content/uploads/2013/06/NEXD-0500cantabile_jk1.jpg
G.Ｉ.　フォース,http://www.albatros-film.com/wp-content/uploads/2013/06/7b63b85e98db0a619214f8ca4fb328d31.jpg
ドラゴン・アイ,http://www.albatros-film.com/wp-content/uploads/2013/06/17bb2f51327c27c29ebbc40e707c86b11.jpg
暴走特急　シベリアン・エクスプレス,http://www.albatros-film.com/wp-content/uploads/2013/06/416d071abfda24f3a1484505ef3f47121.jpg
アフロ忍者,http://www.albatros-film.com/wp-content/uploads/2013/06/c5175e01df8bfd154eb81600b4f112681.jpg
エアポート　トルネード・チェイサー,http://www.albatros-film.com/wp-content/uploads/2013/06/airport_tor_jk1.jpg
マリメッコの奇跡,http://www.albatros-film.com/wp-content/uploads/2013/06/marimekko_Jaket1.jpg
壺中-北欧建築と日本のフォルム-,http://www.albatros-film.com/wp-content/uploads/2013/06/96947923b1e1f3bed8f9ede10091819d1.jpg
巨匠たちが夢みた建築,http://www.albatros-film.com/wp-content/uploads/2013/06/36945728c2888e8d555626b0da52a4c01.jpg
酷道　南日本編,http://www.albatros-film.com/wp-content/uploads/2013/06/61c1aa702c62323a94d6319003331e7c1.jpg
酷道　北日本編,http://www.albatros-film.com/wp-content/uploads/2013/06/22348dd744d3e788a9b13ad08177379d1.jpg
エーゲ海の誘惑,http://www.albatros-film.com/wp-content/uploads/2013/06/4a06cd118839941d92856a335d59c81a1.jpg
ストリート・レジェンド,http://www.albatros-film.com/wp-content/uploads/2013/06/851bf6680836116a12b265b4a4fcd28c1.jpg
ＲＯＣK　ロック,http://www.albatros-film.com/wp-content/uploads/2013/06/a63a203c20646fc768baed97e46cd7e61.jpg
アフター・インパクト,http://www.albatros-film.com/wp-content/uploads/2013/06/b6a2a87083ac1439975f8b379614d0051.jpg
JIGSAW　デビルズ・ゲーム,http://www.albatros-film.com/wp-content/uploads/2013/06/6e94c1e042755a0d9d5de32ef5765e6d1.jpg
艶々カフェ,http://www.albatros-film.com/wp-content/uploads/2013/06/d543a97145ee39337a6cabf31daed0011.jpg
スーパーエージェント,http://www.albatros-film.com/wp-content/uploads/2013/06/c55ffa3cef371743912afc1c4d9dd6fa1.jpg
メガ・シャークvsジャイアント・オクトパス,http://www.albatros-film.com/wp-content/uploads/2013/06/megashark_jk1.jpg
ザ・レイプ　陰獣,http://www.albatros-film.com/wp-content/uploads/2013/06/NEXD-0460-rape2_jk1.jpg
バビロンZ,http://www.albatros-film.com/wp-content/uploads/2013/06/NEXD-0450-babylon_jk1.jpg
アルマゲドン2009,http://www.albatros-film.com/wp-content/uploads/2013/06/565e03acec3aee0d9df7483051d6df6f1.jpg
バイオレンス・レイク,http://www.albatros-film.com/wp-content/uploads/2013/06/7add37eac7b00f341c6d7d3300696b8d1.jpg
ボーンプロフェシー,http://www.albatros-film.com/wp-content/uploads/2013/06/b75995e354dcc5428a53e1d31b0eb8591.jpg
サムライガール,http://www.albatros-film.com/wp-content/uploads/2013/06/217520c4ca19fd107eed0de4beef4bc81.jpg
ターミネーターズ,http://www.albatros-film.com/wp-content/uploads/2013/06/TERMINATORS_jk1.jpg
インモラル・ダンサー,http://www.albatros-film.com/wp-content/uploads/2013/06/64ab5c4ed09ed54fdaa58982c9793dfd1.jpg
U-900,http://www.albatros-film.com/wp-content/uploads/2013/06/u900_jkNEXD-04301.jpg
アメイジング・ワールド,http://www.albatros-film.com/wp-content/uploads/2013/06/21cfaa7da78fe3488e1ca23acc7ec2131.jpg
ベルベット・スパイダー,http://www.albatros-film.com/wp-content/uploads/2013/06/f0a7ae25d27bd24e76e4d16af059ede11.jpg
NAKED　ブービートラップ,http://www.albatros-film.com/wp-content/uploads/2013/06/639a93ed43ad90795dd583395834fd241.jpg
マインド・シューター,http://www.albatros-film.com/wp-content/uploads/2013/06/45b7c878023c0bd583b35fb611adcd2e1.jpg
ボディレスキュー,http://www.albatros-film.com/wp-content/uploads/2013/06/b734ed0174a4a4aec1eab1f972bdc4bf1.jpg
いとしい人,http://www.albatros-film.com/wp-content/uploads/2013/06/adf097f26ddc7514bf5d5d73cff84cbe1.jpg
DRAGONROAD　導かれし勇者,http://www.albatros-film.com/wp-content/uploads/2013/06/8b2c26423242034a86e75708f3108e581.jpg
アラーム・フォー・コブラ11　シーズン12BOX,http://www.albatros-film.com/wp-content/uploads/2009/09/s1.jpg
MIB　メン・イン・バカ,http://www.albatros-film.com/wp-content/uploads/2013/06/0ee6de4e1ecae10eb7e41d602562b8961.jpg
いのちの戦場,http://www.albatros-film.com/wp-content/uploads/2013/06/0e707db8e31c094ce772d71c3d33a5da1.jpg
アラーム・フォー・コブラ11　スクランブル,http://www.albatros-film.com/wp-content/uploads/2013/06/e95772b97e6f7ed2954c5e59a64d44421.jpg
フルボディ　背徳の雫,http://www.albatros-film.com/wp-content/uploads/2013/06/fullbody_JKNEXD-04201.jpg
トランスバトラー,http://www.albatros-film.com/wp-content/uploads/2013/06/trans_jkNEXD-04101.jpg
ラスト・クルセイダーズ,http://www.albatros-film.com/wp-content/uploads/2013/06/653b8950ac82345cf1211736fb0c86711.jpg
ゾンビ・ナース,http://www.albatros-film.com/wp-content/uploads/2013/06/31eb214d01ab4a70d9a2328bbc3f29d51.jpg
シティ・オン・ファイアー,http://www.albatros-film.com/wp-content/uploads/2013/06/a67c65749cbd71cb5b73f0b47c920d851.jpg
プリティ女学院,http://www.albatros-film.com/wp-content/uploads/2013/06/P_J_DVDjk1.jpg
富豪熟女殺人事件,http://www.albatros-film.com/wp-content/uploads/2013/06/394b458bd82ec4d2cf9a3be9caed17501.jpg
ファイアー・フロム・ビロウ,http://www.albatros-film.com/wp-content/uploads/2013/06/81e296674baf5bc50a744e50eca7f58e1.jpg
陰謀の報酬,http://www.albatros-film.com/wp-content/uploads/2013/06/8d86aabc52350511bf3f836d51b247f01.jpg
JIGSAW　デス・マシーン,http://www.albatros-film.com/wp-content/uploads/2013/06/bafe11229ba9cb91af9764d7411e80db1.jpg
スパイ・エンジェルズ,http://www.albatros-film.com/wp-content/uploads/2013/06/02c6f1b51972c07bc6803db05e1350751.jpg
女子高生vs狼男,http://www.albatros-film.com/wp-content/uploads/2013/06/4179d972938e1edfe67af66d04e3ca751.jpg
エアポート　タービュランス,http://www.albatros-film.com/wp-content/uploads/2013/06/012b6b217b2cf7f277c8338c2bb82d681.jpg
首都高速　東京湾ぐるっと一周,http://www.albatros-film.com/wp-content/uploads/2013/06/8c5d4436348b66c6ba904d570dd7300c1.jpg
北海道絶景めぐり　国道の旅,http://www.albatros-film.com/wp-content/uploads/2013/06/63f252f76296db46e5b51d12bac981bd1.jpg
首都高速　Night-View,http://www.albatros-film.com/wp-content/uploads/2013/06/64c4eb79773f063a80ff472601dc278a1.jpg
激走！高速道路　青森～鹿児島2168.5km,http://www.albatros-film.com/wp-content/uploads/2013/06/9196f35d3794305f84ec517597a3f2101.jpg
首都高速　Junc-Navi,http://www.albatros-film.com/wp-content/uploads/2013/06/c5056914e2df5d17b7a041eaf35cef291.jpg
