コールド・バレット,/products/img/TMSS_330s.jpg
アドベンチャー・キングダム,/products/img/TMSS_329s.jpg
ナイト・オブ・ファンタジー,/products/img/TMSS_328s.jpg
雪の女王　新たなる旅立ち,/products/img/TMSS_327s.jpg
ババドック,/products/img/TMSS_326s.jpg
ＲＥ-ＫＩＬＬ[リ・キル],/products/img/TMSS_325s.jpg
超科学実験体　ゾンビロイド,/products/img/TMSS_324s.jpg
ジュラシック・ハンターズ,/products/img/TMSS_323s.jpg
ニック・ケイヴ／20,000デイズ・オン・アース,/products/img/TMSS_321s.jpg
S.W.A.T.ユニット571,/products/img/TMSS_320s.jpg
ブルー・リベンジ,/products/img/TMSD_390s.jpg
ライフ・オブ・クライム,/products/img/TMSS_322s.jpg
維新派　透視図,/products/img/TMSS_319s.jpg
イーライ・ロスPRESENTS ザ・ストレンジャー,/products/img/TMSS_318s.jpg
恋するふたりの文学講座,/products/img/TMSS_317s.jpg
ザ・トランスポーター,/products/img/TMSS_316s.jpg
レジェンド・オブ・ヴィー,/products/img/TMSS_315s.jpg
ぼくを探しに,/products/img/TMSS_314s.jpg
タイム・ハンターズ,/products/img/TMSS_313s.jpg
パリ警視庁：未成年保護特別部隊,/products/img/TMSS_312s.jpg
S.W.A.T. ユニット887,/products/img/TMSS_311s.jpg
ラスト・レギオン,/products/img/TMSS_310s.jpg
ストリート・レーサー,/products/img/TMSS_309s.jpg
美しい絵の崩壊,/products/img/TMSS_308s.jpg
バトル・オブ・ライジング,/products/img/TMSS_307s.jpg
モンスター・フライト,/products/img/TMSS_306s.jpg
バトル・オブ・アース,/products/img/TMSS_305s.jpg
マンガで世界を変えようとした男,/products/img/TMSS_304s.jpg
肉,/products/img/TMSS_303s.jpg
我が家のおバカで愛しいアニキ,/products/img/TMSS_302s.jpg
ゲーム・オブ・ウォー,/products/img/TMSS_301s.jpg
トビー・マグワイア　スパイラル,/products/img/TMSS_300s.jpg
兵器人間,/products/img/TMSS_299s.jpg
U.M.A 2014,/products/img/TMSS_298s.jpg
少女生贄,/products/img/TMSS_297s.jpg
維新派　MAREBITO,/products/img/TMSS_296s.jpg
マーティン・フリーマンのスクール・オブ・ミュージカル,/products/img/TMSS_295s.jpg
ザ・スリル,/products/img/TMSS_294s.jpg
カワイイ私のつくり方,/products/img/TMSS_293s.jpg
レイク・モンスター,/products/img/TMSS_292s.jpg
S.W.A.T. vs デビル,/products/img/TMSS_291s.jpg
ハンターズ,/products/img/TMSS_290s.jpg
サイトシアーズ,/products/img/TMSS_288s.jpg
ゴッド・オブ・バイオレンス,/products/img/TMSS_287s.jpg
チャールズ・スワン三世の頭ン中,/products/img/TMSS_286s.jpg
ヘルベンダーズ,/products/img/TMSS_285s.jpg
バーニー,/products/img/TMSS_284s.jpg
ブラッド・ヒート,/products/img/TMSS_283s.jpg
7BOX [セブン・ボックス],/products/img/TMSS_282s.jpg
キャビン・フィーバー,/products/img/TMSS_281s.jpg
パーフェクト・プラン,/products/img/TMSS_279s.jpg
たとえば檸檬,/products/img/TMSS_280s.jpg
ワールド・コード,/products/img/TMSS_278s.jpg
裏切りのスナイパー,/products/img/TMSS_277s.jpg
夕顔のはなしろきゆふぐれ,/products/img/TMSS_276s.jpg
ダークホース,/products/img/TMSS_275s.jpg
ラスト・ミニッツ,/products/img/TMSS_274s.jpg
アルバート氏の人生,/products/img/TMSS_273s.jpg
クリーパーズ・キラーズ,/products/img/TMSS_272s.jpg
バレット＆チェイス,/products/img/TMSS_271s.jpg
キラー・ハンター,/products/img/TMSS_270s.jpg
サミュエル・L・ジャクソン in ザ・チャンプ,/products/img/TMSS_269s.jpg
ニッポンの嘘,/products/img/TMSS_268s.jpg
エスケープ,/products/img/TMSS_267s.jpg
クリーチャーズ,/products/img/TMSS_266s.jpg
ライク・サムワン・イン・ラブ,/products/img/TMSS_265s.jpg
シージャック,/products/img/TMSS_264s.jpg
ビーツ、ライムズ・アンド・ライフ,/products/img/TMSS_263s.jpg
ダンジョン＆ドラゴン3,/products/img/TMSS_262s.jpg
ゴッド・ブレス・アメリカ,/products/img/TMSS_259s.jpg
水街 in Adelaide,/products/img/TMSS_261s.jpg
デビルズ・フォレスト,/products/img/TMSS_260s.jpg
ムカデ人間２,/products/img/TMSS_257s.jpg
オルド,/products/img/TMSS_258s.jpg
スリープレス・ナイト,/products/img/TMSS_255s.jpg
パンクチュア,/products/img/TMSS_256s.jpg
アジアの純真,/products/img/TMSS_254s.jpg
ハッピーサンキューモアプリーズ,/products/img/TMSS_253s.jpg
忍者ゾンビ,/products/img/TMSS_252s.jpg
朱花の月,/products/img/TMSS_248s.jpg
パニック・スカイ,/products/img/TMSS_251s.jpg
容疑者、ホアキン・フェニックス,/products/img/TMSS_250s.jpg
ランパート,/products/img/TMSS_249s.jpg
ピナ・バウシュ　夢の教室,/products/img/TMSS_247s.jpg
アニマル・キングダム,/products/img/TMSS_246s.jpg
インキーパーズ,/products/img/TMSS_245s.jpg
プッシャー,/products/img/TMSS_244s.jpg
預言者,/products/img/TMSS_242s.jpg
デス・ゲーム,/products/img/TMSS_243s.jpg
スクリーム・オブ・バンシー,/products/img/TMSS_241s.jpg
キル・リスト,/products/img/TMSS_240s.jpg
ホーンテッド・グラウンド,/products/img/TMSS_232s.jpg
グレート・ディベーター,/products/img/TMSS_231s.jpg
ジャバウォック,/products/img/TMSS_230s.jpg
維新派 〈彼〉と旅をする20世紀三部作 DVD-BOX,/products/img/TMSS_239s.jpg
台湾の、灰色の牛が背のびをしたとき,/products/img/TMSS_238s.jpg
呼吸機械,/products/img/TMSS_237s.jpg
nostalgia,/products/img/TMSS_236s.jpg
ナツノトビラ,/products/img/TMSS_235s.jpg
青空,/products/img/TMSS_234s.jpg
虹市,/products/img/TMSS_233s.jpg
ザ・プロジェクト,/products/img/TMSS_229s.jpg
猿の復讐,/products/img/TMSS_228s.jpg
脱獄者,/products/img/TMSS_227s.jpg
ザ・フィールド,/products/img/TMSS_225s.jpg
ドラゴン・スレイヤー,/products/img/TMSS_224s.jpg
LAマザーファッカーズ,/products/img/TMSS_226s.jpg
ムカデ人間,/products/img/TMSS_223s.jpg
バビロンの陽光,/products/img/TMSS_222s.jpg
フライ・オブ・ザ・デッド,/products/img/TMSS_221s.jpg
ラスト・アサシン,/products/img/TMSS_220s.jpg
51［フィフティ・ワン］,/products/img/TMSS_219s.jpg
エリート・スクワッド,/products/img/TMSS_218s.jpg
エリート・スクワッド,/products/img/TMSS_217s.jpg
レッド・ナイト,/products/img/TMSS_216s.jpg
ザ・スパイ,/products/img/TMSS_215s.jpg
バトル・キングダム,/products/img/TMSS_214s.jpg
カウントダウン,/products/img/TMSS_213s.jpg
市民ポリス６９,/products/img/TMSS_212s.jpg
エスケイプ,/products/img/TMSS_211s.jpg
ステイク・ランド,/products/img/TMSS_210s.jpg
インターセプター,/products/img/TMSS_209s.jpg
ボトル・ドリーム,/products/img/TMSS_208s.jpg
ゴールド・ハンター,/products/img/TMSS_207s.jpg
その街のこども 劇場版,/products/img/TMSS_204s.jpg
ミノタウロスの秘宝,/products/img/TMSS_205s.jpg
ニューヨーク、狼たちの野望,/products/img/TMSS_203s.jpg
ウィッチヴィル,/products/img/TMSS_202s.jpg
アルティメット・ランナーズ,/products/img/TMSS_201s.jpg
パニック・スカイ,/products/img/TMSS_200s.jpg
裸の夏　The Naked Summer,/products/img/TMSS_199s.jpg
マンモス,/products/img/TMSS_198s.jpg
6ix[シックス],/products/img/TMSS_197s.jpg
トルソ,/products/img/TMSS_196s.jpg
エア★ドラム！,/products/img/TMSS_195s.jpg
リュック・ベッソン presents ランド・オブ・アドベンチャー,/products/img/TMSS_194s.jpg
インセプション・コード,/products/img/TMSS_193s.jpg
ラン・オブ・ザ・デッド,/products/img/TMSS_192s.jpg
プレデターD4,/products/img/TMSS_191s.jpg
ロビン・フッドの戦い,/products/img/TMSS_190s.jpg
ソード・キングダム,/products/img/TMSS_189s.jpg
ターミネーター2525,/products/img/TMSS_188s.jpg
黄金花,/products/img/TMSS_187s.jpg
セクシー・キラー,/products/img/TMSS_186s.jpg
ボルケーノ in ポンペイ,/products/img/TMSS_185s.jpg
あがた森魚とZIPANG BOYZ號の一夜,/products/img/TMSS_184s.jpg
あがた森魚　ややデラックス,/products/img/TMSS_183s.jpg
人の砂漠,/products/img/TMSS_182s.jpg
レニングラード,/products/img/TMSS_181s.jpg
ドキュメンタリー 頭脳警察,/products/img/TMSS_178s.jpg
エリート・フォース,/products/img/TMSS_180s.jpg
エンド・オブ・フューチャー,/products/img/TMSS_179s.jpg
ゾンビ2030,/products/img/TMSS_177s.jpg
クラバート,/products/img/TMSS_176s.jpg
ザ・ウルフマン,/products/img/TMSS_175s.jpg
バトル・オブ・マジック,/products/img/TMSS_174s.jpg
ライアン・ラーキン　路上に咲いたアニメーション,/products/img/TMSS_173s.jpg
クリーン,/products/img/TMSS_171s.jpg
トレジャー＆ドラゴン,/products/img/TMSS_170s.jpg
おそいひと,/products/img/TMSS_169s.jpg
パティ・スミス：ドリーム・オブ・ライフ,/products/img/TMSS_168s.jpg
ヒットマンvsヒットマン,/products/img/TMSS_166s.jpg
9INE,/products/img/TMSS_165s.jpg
アイス・オブ・ザ・デッド ,/products/img/TMSS_164s.jpg
エネミー・フォース,/products/img/TMSS_163s.jpg
フーリガン2,/products/img/TMSS_162s.jpg
ゾーン・オブ・ザ・デッド ,/products/img/TMSS_161s.jpg
2486年宇宙の旅 ,/products/img/TMSS_160s.jpg
ライブラリアン,/products/img/TMSS_159s.jpg
2012マヤ・カレンダーの秘密,/products/img/TMSS_158s.jpg
NINJA,/products/img/TMSS_157s.jpg
提督の戦艦,/products/img/TMSS_156s.jpg
リザードIV,/products/img/TMSC_002s.jpg
障害者イズム,/products/img/TMSS_155s.jpg
遠足,/products/img/TMSS_154s.jpg
メタボ戦隊 アホレンジャー,/products/img/TMSS_153s.jpg
ロード・オブ・ウォリアーズ ,/products/img/TMSS_152s.jpg
幸せになるための恋のレシピ,/products/img/TMSS_151s.jpg
スペース・トレック,/products/img/TMSS_150s.jpg
85ミニッツ,/products/img/TMSS_149s.jpg
ワイルド・チェイサー,/products/img/TMSS_148s.jpg
トランスフォーサー,/products/img/TMSS_147s.jpg
ドン・キホーテ,/products/img/TMSS_146s.jpg
エイリアン・リベンジ,/products/img/TMSS_145s.jpg
ROCKERS[完全版],/products/img/TMSS_144s.jpg
DRAGON BATTLE,/products/img/TMSS_142s.jpg
ブラックナイト リターンズ,/products/img/TMSS_141s.jpg
THE PUNK ROCK MOVIE,/products/img/TMSS_140s.jpg
NO FUTURE,/products/img/TMSS_138s.jpg
合衆国感染,/products/img/TMSS_136s.jpg
ソード・ハンド,/products/img/TMSS_135s.jpg
フェアリーテール・シアター　DVD-BOX,/products/img/TMSS_134s.jpg
キャロル・キングの３匹の熊,/products/img/TMSS_133s.jpg
フランク・ザッパとクリストファー・リーのこわがることをおぼえようと旅に出た男,/products/img/TMSS_132s.jpg
ミック・ジャガーのナイチンゲール,/products/img/TMSS_131s.jpg
東南角部屋二階の女,/products/img/TMSS_130s.jpg
ドラゴン・スレイヤー,/products/img/TMSS_129s.jpg
ロビン・ウィリアムズとエリック・アイドルのカエルの王子さま,/products/img/TMSS_128s.jpg
フランシス・フォード・コッポラのリップ・ヴァン・ウィンクル,/products/img/TMSS_127s.jpg
ティム・バートンのアラジンと魔法のランプ,/products/img/TMSS_126s.jpg
ターミネーター・プラネット,/products/img/TMSS_125s.jpg
水の中の八月,/products/img/TMSS_124s.jpg
アジアの逆襲 REMIX LIVE VERSION ＋THE MASTER OF SHIATSU　指圧王者,/products/img/TMSS_123s.jpg
シャッフル,/products/img/TMSS_122s.jpg
狂い咲きサンダーロード,/products/img/TMSS_121s.jpg
突撃！博多愚連隊,/products/img/TMSS_119s.jpg
高校大パニック＋1/880000の孤独,/products/img/TMSS_118s.jpg
HUNTING-ハンティング-,/products/img/TMSS_117s.jpg
アルマゲドン・コード,/products/img/TMSS_116s.jpg
ブック・オブ・チェンジズ 　コンプリート・ワークス・オブ・リザード 
,/products/img/TMSC_001s.jpg
モンスターズハンター,/products/img/TMSS_115s.jpg
ワールド・エンド,/products/img/TMSS_114s.jpg
JOY DIVISION,/products/img/TMSS_113s.jpg
マシンガン・パニッシャー,/products/img/TMSS_111s.jpg
メタルマン,/products/img/TMSS_110s.jpg
阿呆遊戯,/products/img/TMSS_109s.jpg
ストリート・レーサー,/products/img/TMSS_108s.jpg
デイ・オブ・ザ・デッド２,/products/img/TMSS_107s.jpg
アホリックス リローデッド,/products/img/TMSS_106s.jpg
地球最後の男たち,/products/img/TMSS_105s.jpg
俺たちプロボウラー,/products/img/TMSS_104s.jpg
ダブルブレイド,/products/img/TMSS_100s.jpg
ファーストフード・ネイション,/products/img/GNBF_7477s.jpg
スペース・インパクト,/products/img/1190s.jpg
プラネット・オブ・エイリアン,/products/img/1180s.jpg
エイリアン・ゼロ,/products/img/1176s.jpg
ナショナル・コード,/products/img/TMSS_099s.jpg
バレット・レイン,/products/img/TMSS_098s.jpg
シークレット・フォレスト,/products/img/TMSS_091s.jpg
ディストラクション,/products/img/TMSS_090s.jpg
ゴーストハンター,/products/img/TMSS_088s.jpg
ジョン・レノンを撃った男,/products/img/TMSS_087s.jpg
EURO2008プレビュー ザ・スターズ,/products/img/GNBW_7539s.jpg
EURO2008プレビュー Vol.２,/products/img/GNBW_7538s.jpg
EURO2008プレビュー Vol.１,/products/img/GNBW_7537s.jpg
GAME[ゲーム],/products/img/TMSS_086s.jpg
キングダム・ソルジャーズ,/products/img/TMSS_085s.jpg
殯の森,/products/img/TMSD_172s.jpg
ウルフハウンド,/products/img/TMSS_083s.jpg
バイオ・クライシス,/products/img/TMSS_080s.jpg
ミネハハ,/products/img/TMSD_147s.jpg
グランド・ストーム,/products/img/TMSS_078s.jpg
